-- phpMyAdmin SQL Dump
-- version 4.9.7deb1
-- https://www.phpmyadmin.net/
--
-- Host: 192.168.1.64:7457
-- Generation Time: Feb 18, 2021 at 09:49 PM
-- Server version: 10.3.27-MariaDB-0+deb10u1
-- PHP Version: 7.4.9

SET SQL_MODE = "NO_AUTO_VALUE_ON_ZERO";
SET AUTOCOMMIT = 0;
START TRANSACTION;
SET time_zone = "+00:00";


/*!40101 SET @OLD_CHARACTER_SET_CLIENT=@@CHARACTER_SET_CLIENT */;
/*!40101 SET @OLD_CHARACTER_SET_RESULTS=@@CHARACTER_SET_RESULTS */;
/*!40101 SET @OLD_COLLATION_CONNECTION=@@COLLATION_CONNECTION */;
/*!40101 SET NAMES utf8mb4 */;

--
-- Database: `letsmeet`
--

-- --------------------------------------------------------

--
-- Table structure for table `Business`
--

CREATE TABLE `Business` (
  `BusinessUUID` varchar(36) NOT NULL,
  `Name` text NOT NULL
) ENGINE=InnoDB DEFAULT CHARSET=utf8mb4;

-- --------------------------------------------------------

--
-- Table structure for table `ConditionSet`
--

CREATE TABLE `ConditionSet` (
  `ConditionSetUUID` varchar(36) NOT NULL,
  `Name` text NOT NULL,
  `Object` blob NOT NULL,
  `Created` timestamp NOT NULL DEFAULT current_timestamp(),
  `Modified` timestamp NOT NULL DEFAULT current_timestamp() ON UPDATE current_timestamp()
) ENGINE=InnoDB DEFAULT CHARSET=latin1;

--
-- Dumping data for table `ConditionSet`
--

INSERT INTO `ConditionSet` (`ConditionSetUUID`, `Name`, `Object`, `Created`, `Modified`) VALUES
('133f7a73-c778-479f-8043-b3b11cf6b991', '133f7a73-c778-479f-8043-b3b11cf6b991', 0xaced00057372002e636f6d2e4c6574734d6565742e4c6574734d6565742e4576656e742e4d6f64656c2e436f6e646974696f6e53657400000000000000010200044c000b636f6e73747261696e74737400194c6a6176612f7574696c2f4c696e6b6564486173684d61703b4c00046e616d657400124c6a6176612f6c616e672f537472696e673b4c0004757569647400104c6a6176612f7574696c2f555549443b4c00097661726961626c657371007e00017870737200176a6176612e7574696c2e4c696e6b6564486173684d617034c04e5c106cc0fb0200015a000b6163636573734f72646572787200116a6176612e7574696c2e486173684d61700507dac1c31660d103000246000a6c6f6164466163746f724900097468726573686f6c6478703f4000000000000077080000001000000000780074002431333366376137332d633737382d343739662d383034332d6233623131636636623939317372000e6a6176612e7574696c2e55554944bc9903f7986d852f0200024a000c6c65617374536967426974734a000b6d6f73745369674269747378708043b3b11cf6b991133f7a73c778479f7371007e00053f4000000000000c7708000000100000000274000a6576656e745f74696d657372002a636f6d2e4c6574734d6565742e4c6574734d6565742e4576656e742e4d6f64656c2e5661726961626c6514e9cb88a9f7c4650200034c0006646f6d61696e7400154c6a6176612f7574696c2f41727261794c6973743b4c00036b657971007e00024c00047575696471007e00037870737200136a6176612e7574696c2e41727261794c6973747881d21d99c7619d03000149000473697a657870000000007704000000007871007e000c7371007e0009bb9deb448a2781c9a15584e6ce3047ea74000d6576656e745f736572766963657371007e000d7371007e0010000000007704000000007871007e00137371007e0009983f6a32b006318124e418b9ced64d697800, '2021-02-16 16:16:35', '2021-02-16 16:16:35'),
('1a8dd183-a273-4da7-8023-9f08b26f58c8', '1a8dd183-a273-4da7-8023-9f08b26f58c8', 0xaced00057372002e636f6d2e4c6574734d6565742e4c6574734d6565742e4576656e742e4d6f64656c2e436f6e646974696f6e53657400000000000000010200044c000b636f6e73747261696e74737400194c6a6176612f7574696c2f4c696e6b6564486173684d61703b4c00046e616d657400124c6a6176612f6c616e672f537472696e673b4c0004757569647400104c6a6176612f7574696c2f555549443b4c00097661726961626c657371007e00017870737200176a6176612e7574696c2e4c696e6b6564486173684d617034c04e5c106cc0fb0200015a000b6163636573734f72646572787200116a6176612e7574696c2e486173684d61700507dac1c31660d103000246000a6c6f6164466163746f724900097468726573686f6c6478703f4000000000000077080000001000000000780074002431613864643138332d613237332d346461372d383032332d3966303862323666353863387372000e6a6176612e7574696c2e55554944bc9903f7986d852f0200024a000c6c65617374536967426974734a000b6d6f737453696742697473787080239f08b26f58c81a8dd183a2734da77371007e00053f4000000000000c7708000000100000000274000a6576656e745f74696d657372002a636f6d2e4c6574734d6565742e4c6574734d6565742e4576656e742e4d6f64656c2e5661726961626c6514e9cb88a9f7c4650200034c0006646f6d61696e7400154c6a6176612f7574696c2f41727261794c6973743b4c00036b657971007e00024c00047575696471007e00037870737200136a6176612e7574696c2e41727261794c6973747881d21d99c7619d03000149000473697a657870000000007704000000007871007e000c7371007e0009ab8e17e975b49ebce2b10536b537461974000d6576656e745f736572766963657371007e000d7371007e0010000000007704000000007871007e00137371007e00098a448914119360b16f1b0cd2a3484da07800, '2021-02-16 16:13:31', '2021-02-16 16:13:31'),
('1e56d85b-fa58-4764-8701-1a8fa35ec9f2', '1e56d85b-fa58-4764-8701-1a8fa35ec9f2', 0xaced00057372002e636f6d2e4c6574734d6565742e4c6574734d6565742e4576656e742e4d6f64656c2e436f6e646974696f6e53657400000000000000010200044c000b636f6e73747261696e74737400194c6a6176612f7574696c2f4c696e6b6564486173684d61703b4c00046e616d657400124c6a6176612f6c616e672f537472696e673b4c0004757569647400104c6a6176612f7574696c2f555549443b4c00097661726961626c657371007e00017870737200176a6176612e7574696c2e4c696e6b6564486173684d617034c04e5c106cc0fb0200015a000b6163636573734f72646572787200116a6176612e7574696c2e486173684d61700507dac1c31660d103000246000a6c6f6164466163746f724900097468726573686f6c6478703f4000000000000077080000001000000000780074002431653536643835622d666135382d343736342d383730312d3161386661333565633966327372000e6a6176612e7574696c2e55554944bc9903f7986d852f0200024a000c6c65617374536967426974734a000b6d6f737453696742697473787087011a8fa35ec9f21e56d85bfa5847647371007e00053f4000000000000c7708000000100000000274000a6576656e745f74696d657372002a636f6d2e4c6574734d6565742e4c6574734d6565742e4576656e742e4d6f64656c2e5661726961626c6514e9cb88a9f7c4650200034c0006646f6d61696e7400154c6a6176612f7574696c2f41727261794c6973743b4c00036b657971007e00024c00047575696471007e00037870737200136a6176612e7574696c2e41727261794c6973747881d21d99c7619d03000149000473697a657870000000007704000000007871007e000c7371007e00099cbcd678b37c055a681cda7c26c3405874000d6576656e745f736572766963657371007e000d7371007e0010000000007704000000007871007e00137371007e00098fd302846c6c4f2cb60e5a2f73b948ea7800, '2021-02-16 16:21:07', '2021-02-16 16:21:07'),
('28bfff18-cefe-4f39-a326-2adcedf01ef8', '28bfff18-cefe-4f39-a326-2adcedf01ef8', 0xaced00057372002e636f6d2e4c6574734d6565742e4c6574734d6565742e4576656e742e4d6f64656c2e436f6e646974696f6e53657400000000000000010200044c000b636f6e73747261696e74737400194c6a6176612f7574696c2f4c696e6b6564486173684d61703b4c00046e616d657400124c6a6176612f6c616e672f537472696e673b4c0004757569647400104c6a6176612f7574696c2f555549443b4c00097661726961626c657371007e00017870737200176a6176612e7574696c2e4c696e6b6564486173684d617034c04e5c106cc0fb0200015a000b6163636573734f72646572787200116a6176612e7574696c2e486173684d61700507dac1c31660d103000246000a6c6f6164466163746f724900097468726573686f6c6478703f4000000000000077080000001000000000780074002432386266666631382d636566652d346633392d613332362d3261646365646630316566387372000e6a6176612e7574696c2e55554944bc9903f7986d852f0200024a000c6c65617374536967426974734a000b6d6f7374536967426974737870a3262adcedf01ef828bfff18cefe4f397371007e00053f4000000000000c7708000000100000000274000a6576656e745f74696d657372002a636f6d2e4c6574734d6565742e4c6574734d6565742e4576656e742e4d6f64656c2e5661726961626c6514e9cb88a9f7c4650200034c0006646f6d61696e7400154c6a6176612f7574696c2f41727261794c6973743b4c00036b657971007e00024c00047575696471007e00037870737200136a6176612e7574696c2e41727261794c6973747881d21d99c7619d03000149000473697a657870000000007704000000007871007e000c7371007e000998d17b3747ebbf27596b96d18222414674000d6576656e745f736572766963657371007e000d7371007e0010000000007704000000007871007e00137371007e0009b665e013ebfc41bdd45ae792e5f7462c7800, '2021-02-16 16:22:58', '2021-02-16 16:22:58'),
('29bc743b-7d0b-44ef-9fdb-747926991452', '29bc743b-7d0b-44ef-9fdb-747926991452', 0xaced00057372002e636f6d2e4c6574734d6565742e4c6574734d6565742e4576656e742e4d6f64656c2e436f6e646974696f6e53657400000000000000010200044c000b636f6e73747261696e74737400194c6a6176612f7574696c2f4c696e6b6564486173684d61703b4c00046e616d657400124c6a6176612f6c616e672f537472696e673b4c0004757569647400104c6a6176612f7574696c2f555549443b4c00097661726961626c657371007e00017870737200176a6176612e7574696c2e4c696e6b6564486173684d617034c04e5c106cc0fb0200015a000b6163636573734f72646572787200116a6176612e7574696c2e486173684d61700507dac1c31660d103000246000a6c6f6164466163746f724900097468726573686f6c6478703f4000000000000077080000001000000000780074002432396263373433622d376430622d343465662d396664622d3734373932363939313435327372000e6a6176612e7574696c2e55554944bc9903f7986d852f0200024a000c6c65617374536967426974734a000b6d6f73745369674269747378709fdb74792699145229bc743b7d0b44ef7371007e00053f4000000000000c7708000000100000000274000a6576656e745f74696d657372002a636f6d2e4c6574734d6565742e4c6574734d6565742e4576656e742e4d6f64656c2e5661726961626c6514e9cb88a9f7c4650200034c0006646f6d61696e7400154c6a6176612f7574696c2f41727261794c6973743b4c00036b657971007e00024c00047575696471007e00037870737200136a6176612e7574696c2e41727261794c6973747881d21d99c7619d03000149000473697a657870000000007704000000007871007e000c7371007e000985a2ccc82d6b52a6987abfe7651a4df874000d6576656e745f736572766963657371007e000d7371007e0010000000007704000000007871007e00137371007e00098649b0a4147578bb6fbd7ed7c24540de7800, '2021-02-16 16:14:28', '2021-02-16 16:14:28'),
('31dd6d19-4ea2-4fa3-acb4-98d1aa2246c4', '31dd6d19-4ea2-4fa3-acb4-98d1aa2246c4', 0xaced00057372002e636f6d2e4c6574734d6565742e4c6574734d6565742e4576656e742e4d6f64656c2e436f6e646974696f6e53657400000000000000010200044c000b636f6e73747261696e74737400194c6a6176612f7574696c2f4c696e6b6564486173684d61703b4c00046e616d657400124c6a6176612f6c616e672f537472696e673b4c0004757569647400104c6a6176612f7574696c2f555549443b4c00097661726961626c657371007e00017870737200176a6176612e7574696c2e4c696e6b6564486173684d617034c04e5c106cc0fb0200015a000b6163636573734f72646572787200116a6176612e7574696c2e486173684d61700507dac1c31660d103000246000a6c6f6164466163746f724900097468726573686f6c6478703f4000000000000077080000001000000000780074002433316464366431392d346561322d346661332d616362342d3938643161613232343663347372000e6a6176612e7574696c2e55554944bc9903f7986d852f0200024a000c6c65617374536967426974734a000b6d6f7374536967426974737870acb498d1aa2246c431dd6d194ea24fa37371007e00053f4000000000000c7708000000100000000274000a6576656e745f74696d657372002a636f6d2e4c6574734d6565742e4c6574734d6565742e4576656e742e4d6f64656c2e5661726961626c6514e9cb88a9f7c4650200034c0006646f6d61696e7400154c6a6176612f7574696c2f41727261794c6973743b4c00036b657971007e00024c00047575696471007e00037870737200136a6176612e7574696c2e41727261794c6973747881d21d99c7619d03000149000473697a657870000000007704000000007871007e000c7371007e0009a554f06859e4b73f46bea478f3df4e5474000d6576656e745f736572766963657371007e000d7371007e0010000000007704000000007871007e00137371007e0009829d3502217fca33469fb727c45f48377800, '2021-02-16 16:26:30', '2021-02-16 16:26:30'),
('37b2e181-09f6-4296-94e2-d97a7c1a88e7', '37b2e181-09f6-4296-94e2-d97a7c1a88e7', 0xaced00057372002e636f6d2e4c6574734d6565742e4c6574734d6565742e4576656e742e4d6f64656c2e436f6e646974696f6e53657400000000000000010200044c000b636f6e73747261696e74737400194c6a6176612f7574696c2f4c696e6b6564486173684d61703b4c00046e616d657400124c6a6176612f6c616e672f537472696e673b4c0004757569647400104c6a6176612f7574696c2f555549443b4c00097661726961626c657371007e00017870737200176a6176612e7574696c2e4c696e6b6564486173684d617034c04e5c106cc0fb0200015a000b6163636573734f72646572787200116a6176612e7574696c2e486173684d61700507dac1c31660d103000246000a6c6f6164466163746f724900097468726573686f6c6478703f4000000000000077080000001000000000780074002433376232653138312d303966362d343239362d393465322d6439376137633161383865377372000e6a6176612e7574696c2e55554944bc9903f7986d852f0200024a000c6c65617374536967426974734a000b6d6f737453696742697473787094e2d97a7c1a88e737b2e18109f642967371007e00053f4000000000000c7708000000100000000274000a6576656e745f74696d657372002a636f6d2e4c6574734d6565742e4c6574734d6565742e4576656e742e4d6f64656c2e5661726961626c6514e9cb88a9f7c4650200034c0006646f6d61696e7400154c6a6176612f7574696c2f41727261794c6973743b4c00036b657971007e00024c00047575696471007e00037870737200136a6176612e7574696c2e41727261794c6973747881d21d99c7619d03000149000473697a657870000000007704000000007871007e000c7371007e0009a02b2adad6cc58b69e8986a7277f48c274000d6576656e745f736572766963657371007e000d7371007e0010000000007704000000007871007e00137371007e0009852e049ca2f228190a77a66b281448097800, '2021-02-16 16:23:02', '2021-02-16 16:23:02'),
('3c48bf74-3248-4425-99b6-a2924dc9da92', '3c48bf74-3248-4425-99b6-a2924dc9da92', 0xaced00057372002e636f6d2e4c6574734d6565742e4c6574734d6565742e4576656e742e4d6f64656c2e436f6e646974696f6e53657400000000000000010200044c000b636f6e73747261696e74737400194c6a6176612f7574696c2f4c696e6b6564486173684d61703b4c00046e616d657400124c6a6176612f6c616e672f537472696e673b4c0004757569647400104c6a6176612f7574696c2f555549443b4c00097661726961626c657371007e00017870737200176a6176612e7574696c2e4c696e6b6564486173684d617034c04e5c106cc0fb0200015a000b6163636573734f72646572787200116a6176612e7574696c2e486173684d61700507dac1c31660d103000246000a6c6f6164466163746f724900097468726573686f6c6478703f4000000000000077080000001000000000780074002433633438626637342d333234382d343432352d393962362d6132393234646339646139327372000e6a6176612e7574696c2e55554944bc9903f7986d852f0200024a000c6c65617374536967426974734a000b6d6f737453696742697473787099b6a2924dc9da923c48bf74324844257371007e00053f4000000000000c7708000000100000000274000a6576656e745f74696d657372002a636f6d2e4c6574734d6565742e4c6574734d6565742e4576656e742e4d6f64656c2e5661726961626c6514e9cb88a9f7c4650200034c0006646f6d61696e7400154c6a6176612f7574696c2f41727261794c6973743b4c00036b657971007e00024c00047575696471007e00037870737200136a6176612e7574696c2e41727261794c6973747881d21d99c7619d03000149000473697a657870000000007704000000007871007e000c7371007e0009a697b8d776b874c8e061ebec585546a574000d6576656e745f736572766963657371007e000d7371007e0010000000007704000000007871007e00137371007e0009bfcfb2464fb32bdb374e1d0477744ad57800, '2021-02-16 16:22:09', '2021-02-16 16:22:09'),
('3ee80dc4-1975-4b23-9382-795bffc1bd17', '3ee80dc4-1975-4b23-9382-795bffc1bd17', 0xaced00057372002e636f6d2e4c6574734d6565742e4c6574734d6565742e4576656e742e4d6f64656c2e436f6e646974696f6e53657400000000000000010200044c000b636f6e73747261696e74737400194c6a6176612f7574696c2f4c696e6b6564486173684d61703b4c00046e616d657400124c6a6176612f6c616e672f537472696e673b4c0004757569647400104c6a6176612f7574696c2f555549443b4c00097661726961626c657371007e00017870737200176a6176612e7574696c2e4c696e6b6564486173684d617034c04e5c106cc0fb0200015a000b6163636573734f72646572787200116a6176612e7574696c2e486173684d61700507dac1c31660d103000246000a6c6f6164466163746f724900097468726573686f6c6478703f4000000000000077080000001000000000780074002433656538306463342d313937352d346232332d393338322d3739356266666331626431377372000e6a6176612e7574696c2e55554944bc9903f7986d852f0200024a000c6c65617374536967426974734a000b6d6f73745369674269747378709382795bffc1bd173ee80dc419754b237371007e00053f4000000000000c7708000000100000000274000a6576656e745f74696d657372002a636f6d2e4c6574734d6565742e4c6574734d6565742e4576656e742e4d6f64656c2e5661726961626c6514e9cb88a9f7c4650200034c0006646f6d61696e7400154c6a6176612f7574696c2f41727261794c6973743b4c00036b657971007e00024c00047575696471007e00037870737200136a6176612e7574696c2e41727261794c6973747881d21d99c7619d03000149000473697a657870000000007704000000007871007e000c7371007e000997b60162523a1e09e5c362f83d384ad674000d6576656e745f736572766963657371007e000d7371007e0010000000007704000000007871007e00137371007e000980fe29814191d0e2c700b1b4d069457a7800, '2021-02-16 16:23:42', '2021-02-16 16:23:42'),
('3fbaee2d-177f-4e3c-9b68-eba844a52166', '3fbaee2d-177f-4e3c-9b68-eba844a52166', 0xaced00057372002e636f6d2e4c6574734d6565742e4c6574734d6565742e4576656e742e4d6f64656c2e436f6e646974696f6e53657400000000000000010200044c000b636f6e73747261696e74737400194c6a6176612f7574696c2f4c696e6b6564486173684d61703b4c00046e616d657400124c6a6176612f6c616e672f537472696e673b4c0004757569647400104c6a6176612f7574696c2f555549443b4c00097661726961626c657371007e00017870737200176a6176612e7574696c2e4c696e6b6564486173684d617034c04e5c106cc0fb0200015a000b6163636573734f72646572787200116a6176612e7574696c2e486173684d61700507dac1c31660d103000246000a6c6f6164466163746f724900097468726573686f6c6478703f4000000000000077080000001000000000780074002433666261656532642d313737662d346533632d396236382d6562613834346135323136367372000e6a6176612e7574696c2e55554944bc9903f7986d852f0200024a000c6c65617374536967426974734a000b6d6f73745369674269747378709b68eba844a521663fbaee2d177f4e3c7371007e00053f4000000000000c7708000000100000000274000a6576656e745f74696d657372002a636f6d2e4c6574734d6565742e4c6574734d6565742e4576656e742e4d6f64656c2e5661726961626c6514e9cb88a9f7c4650200034c0006646f6d61696e7400154c6a6176612f7574696c2f41727261794c6973743b4c00036b657971007e00024c00047575696471007e00037870737200136a6176612e7574696c2e41727261794c6973747881d21d99c7619d03000149000473697a657870000000007704000000007871007e000c7371007e00098126e877416b941c5840307a35714fc074000d6576656e745f736572766963657371007e000d7371007e0010000000007704000000007871007e00137371007e000983a3e46d7abff72c249013979e5c45867800, '2021-02-16 16:23:15', '2021-02-16 16:23:15'),
('415d3ff0-4213-49ba-a640-35366e937ff5', '415d3ff0-4213-49ba-a640-35366e937ff5', 0xaced00057372002e636f6d2e4c6574734d6565742e4c6574734d6565742e4576656e742e4d6f64656c2e436f6e646974696f6e53657400000000000000010200044c000b636f6e73747261696e74737400194c6a6176612f7574696c2f4c696e6b6564486173684d61703b4c00046e616d657400124c6a6176612f6c616e672f537472696e673b4c0004757569647400104c6a6176612f7574696c2f555549443b4c00097661726961626c657371007e00017870737200176a6176612e7574696c2e4c696e6b6564486173684d617034c04e5c106cc0fb0200015a000b6163636573734f72646572787200116a6176612e7574696c2e486173684d61700507dac1c31660d103000246000a6c6f6164466163746f724900097468726573686f6c6478703f4000000000000077080000001000000000780074002434313564336666302d343231332d343962612d613634302d3335333636653933376666357372000e6a6176612e7574696c2e55554944bc9903f7986d852f0200024a000c6c65617374536967426974734a000b6d6f7374536967426974737870a64035366e937ff5415d3ff0421349ba7371007e00053f4000000000000c7708000000100000000274000a6576656e745f74696d657372002a636f6d2e4c6574734d6565742e4c6574734d6565742e4576656e742e4d6f64656c2e5661726961626c6514e9cb88a9f7c4650200034c0006646f6d61696e7400154c6a6176612f7574696c2f41727261794c6973743b4c00036b657971007e00024c00047575696471007e00037870737200136a6176612e7574696c2e41727261794c6973747881d21d99c7619d03000149000473697a657870000000007704000000007871007e000c7371007e00099b74f83bd9a1d021e74b42b5393940a074000d6576656e745f736572766963657371007e000d7371007e0010000000007704000000007871007e00137371007e0009908838c9e0b056e7048dc73d02b344157800, '2021-02-16 16:22:23', '2021-02-16 16:22:23'),
('431bc304-f36a-408a-b460-862177f8009d', '431bc304-f36a-408a-b460-862177f8009d', 0xaced00057372002e636f6d2e4c6574734d6565742e4c6574734d6565742e4576656e742e4d6f64656c2e436f6e646974696f6e53657400000000000000010200044c000b636f6e73747261696e74737400194c6a6176612f7574696c2f4c696e6b6564486173684d61703b4c00046e616d657400124c6a6176612f6c616e672f537472696e673b4c0004757569647400104c6a6176612f7574696c2f555549443b4c00097661726961626c657371007e00017870737200176a6176612e7574696c2e4c696e6b6564486173684d617034c04e5c106cc0fb0200015a000b6163636573734f72646572787200116a6176612e7574696c2e486173684d61700507dac1c31660d103000246000a6c6f6164466163746f724900097468726573686f6c6478703f4000000000000077080000001000000000780074002434333162633330342d663336612d343038612d623436302d3836323137376638303039647372000e6a6176612e7574696c2e55554944bc9903f7986d852f0200024a000c6c65617374536967426974734a000b6d6f7374536967426974737870b460862177f8009d431bc304f36a408a7371007e00053f4000000000000c7708000000100000000274000a6576656e745f74696d657372002a636f6d2e4c6574734d6565742e4c6574734d6565742e4576656e742e4d6f64656c2e5661726961626c6514e9cb88a9f7c4650200034c0006646f6d61696e7400154c6a6176612f7574696c2f41727261794c6973743b4c00036b657971007e00024c00047575696471007e00037870737200136a6176612e7574696c2e41727261794c6973747881d21d99c7619d03000149000473697a657870000000007704000000007871007e000c7371007e0009b219ee6145b68c445b4b57a14f6b414674000d6576656e745f736572766963657371007e000d7371007e0010000000007704000000007871007e00137371007e0009b50e4b670ffc28e8b797d2d482d94f307800, '2021-02-16 16:17:33', '2021-02-16 16:17:33'),
('46a4068b-15c3-46e4-ae96-c898b2d8b97c', '46a4068b-15c3-46e4-ae96-c898b2d8b97c', 0xaced00057372002e636f6d2e4c6574734d6565742e4c6574734d6565742e4576656e742e4d6f64656c2e436f6e646974696f6e53657400000000000000010200044c000b636f6e73747261696e74737400194c6a6176612f7574696c2f4c696e6b6564486173684d61703b4c00046e616d657400124c6a6176612f6c616e672f537472696e673b4c0004757569647400104c6a6176612f7574696c2f555549443b4c00097661726961626c657371007e00017870737200176a6176612e7574696c2e4c696e6b6564486173684d617034c04e5c106cc0fb0200015a000b6163636573734f72646572787200116a6176612e7574696c2e486173684d61700507dac1c31660d103000246000a6c6f6164466163746f724900097468726573686f6c6478703f4000000000000077080000001000000000780074002434366134303638622d313563332d343665342d616539362d6338393862326438623937637372000e6a6176612e7574696c2e55554944bc9903f7986d852f0200024a000c6c65617374536967426974734a000b6d6f7374536967426974737870ae96c898b2d8b97c46a4068b15c346e47371007e00053f4000000000000c7708000000100000000274000a6576656e745f74696d657372002a636f6d2e4c6574734d6565742e4c6574734d6565742e4576656e742e4d6f64656c2e5661726961626c6514e9cb88a9f7c4650200034c0006646f6d61696e7400154c6a6176612f7574696c2f41727261794c6973743b4c00036b657971007e00024c00047575696471007e00037870737200136a6176612e7574696c2e41727261794c6973747881d21d99c7619d03000149000473697a657870000000007704000000007871007e000c7371007e00099e8317b964b6f89f8c60e9eaa587474274000d6576656e745f736572766963657371007e000d7371007e0010000000007704000000007871007e00137371007e0009919d67f1dd59a203f30762deb4364dbb7800, '2021-02-16 16:15:13', '2021-02-16 16:15:13'),
('48c3858e-6608-4059-a264-6d589fb6160b', '48c3858e-6608-4059-a264-6d589fb6160b', 0xaced00057372002e636f6d2e4c6574734d6565742e4c6574734d6565742e4576656e742e4d6f64656c2e436f6e646974696f6e53657400000000000000010200044c000b636f6e73747261696e74737400194c6a6176612f7574696c2f4c696e6b6564486173684d61703b4c00046e616d657400124c6a6176612f6c616e672f537472696e673b4c0004757569647400104c6a6176612f7574696c2f555549443b4c00097661726961626c657371007e00017870737200176a6176612e7574696c2e4c696e6b6564486173684d617034c04e5c106cc0fb0200015a000b6163636573734f72646572787200116a6176612e7574696c2e486173684d61700507dac1c31660d103000246000a6c6f6164466163746f724900097468726573686f6c6478703f4000000000000077080000001000000000780074002434386333383538652d363630382d343035392d613236342d3664353839666236313630627372000e6a6176612e7574696c2e55554944bc9903f7986d852f0200024a000c6c65617374536967426974734a000b6d6f7374536967426974737870a2646d589fb6160b48c3858e660840597371007e00053f4000000000000c7708000000100000000274000a6576656e745f74696d657372002a636f6d2e4c6574734d6565742e4c6574734d6565742e4576656e742e4d6f64656c2e5661726961626c6514e9cb88a9f7c4650200034c0006646f6d61696e7400154c6a6176612f7574696c2f41727261794c6973743b4c00036b657971007e00024c00047575696471007e00037870737200136a6176612e7574696c2e41727261794c6973747881d21d99c7619d03000149000473697a657870000000007704000000007871007e000c7371007e000996f592387366b652af144d2aa648480274000d6576656e745f736572766963657371007e000d7371007e0010000000007704000000007871007e00137371007e0009a82121d8d0e93635e480dff6518644ac7800, '2021-02-16 16:22:40', '2021-02-16 16:22:40'),
('493a3dbb-f7f1-4c3c-bb1d-7cc12e06c326', '493a3dbb-f7f1-4c3c-bb1d-7cc12e06c326', 0xaced00057372002e636f6d2e4c6574734d6565742e4c6574734d6565742e4576656e742e4d6f64656c2e436f6e646974696f6e53657400000000000000010200044c000b636f6e73747261696e74737400194c6a6176612f7574696c2f4c696e6b6564486173684d61703b4c00046e616d657400124c6a6176612f6c616e672f537472696e673b4c0004757569647400104c6a6176612f7574696c2f555549443b4c00097661726961626c657371007e00017870737200176a6176612e7574696c2e4c696e6b6564486173684d617034c04e5c106cc0fb0200015a000b6163636573734f72646572787200116a6176612e7574696c2e486173684d61700507dac1c31660d103000246000a6c6f6164466163746f724900097468726573686f6c6478703f4000000000000077080000001000000000780074002434393361336462622d663766312d346333632d626231642d3763633132653036633332367372000e6a6176612e7574696c2e55554944bc9903f7986d852f0200024a000c6c65617374536967426974734a000b6d6f7374536967426974737870bb1d7cc12e06c326493a3dbbf7f14c3c7371007e00053f4000000000000c7708000000100000000274000a6576656e745f74696d657372002a636f6d2e4c6574734d6565742e4c6574734d6565742e4576656e742e4d6f64656c2e5661726961626c6514e9cb88a9f7c4650200034c0006646f6d61696e7400154c6a6176612f7574696c2f41727261794c6973743b4c00036b657971007e00024c00047575696471007e00037870737200136a6176612e7574696c2e41727261794c6973747881d21d99c7619d03000149000473697a657870000000007704000000007871007e000c7371007e0009b5528846c110dc1981c9c379afad448674000d6576656e745f736572766963657371007e000d7371007e0010000000007704000000007871007e00137371007e00098b40e13b60010204bb490ececfb64d617800, '2021-02-16 16:20:10', '2021-02-16 16:20:10'),
('4ac92c98-52cf-4510-ba26-45a81d37b47b', '4ac92c98-52cf-4510-ba26-45a81d37b47b', 0xaced00057372002e636f6d2e4c6574734d6565742e4c6574734d6565742e4576656e742e4d6f64656c2e436f6e646974696f6e53657400000000000000010200044c000b636f6e73747261696e74737400194c6a6176612f7574696c2f4c696e6b6564486173684d61703b4c00046e616d657400124c6a6176612f6c616e672f537472696e673b4c0004757569647400104c6a6176612f7574696c2f555549443b4c00097661726961626c657371007e00017870737200176a6176612e7574696c2e4c696e6b6564486173684d617034c04e5c106cc0fb0200015a000b6163636573734f72646572787200116a6176612e7574696c2e486173684d61700507dac1c31660d103000246000a6c6f6164466163746f724900097468726573686f6c6478703f4000000000000077080000001000000000780074002434616339326339382d353263662d343531302d626132362d3435613831643337623437627372000e6a6176612e7574696c2e55554944bc9903f7986d852f0200024a000c6c65617374536967426974734a000b6d6f7374536967426974737870ba2645a81d37b47b4ac92c9852cf45107371007e00053f4000000000000c7708000000100000000274000a6576656e745f74696d657372002a636f6d2e4c6574734d6565742e4c6574734d6565742e4576656e742e4d6f64656c2e5661726961626c6514e9cb88a9f7c4650200034c0006646f6d61696e7400154c6a6176612f7574696c2f41727261794c6973743b4c00036b657971007e00024c00047575696471007e00037870737200136a6176612e7574696c2e41727261794c6973747881d21d99c7619d03000149000473697a657870000000007704000000007871007e000c7371007e0009a561f3f8db8a043b682d5f0dcc9d4b6374000d6576656e745f736572766963657371007e000d7371007e0010000000007704000000007871007e00137371007e0009885127cfb8ca9e7e45e462f929bc4c3a7800, '2021-02-16 16:23:27', '2021-02-16 16:23:27'),
('5a3f7361-1bd6-47ea-81d3-3fa567b22ccd', '5a3f7361-1bd6-47ea-81d3-3fa567b22ccd', 0xaced00057372002e636f6d2e4c6574734d6565742e4c6574734d6565742e4576656e742e4d6f64656c2e436f6e646974696f6e53657400000000000000010200044c000b636f6e73747261696e74737400194c6a6176612f7574696c2f4c696e6b6564486173684d61703b4c00046e616d657400124c6a6176612f6c616e672f537472696e673b4c0004757569647400104c6a6176612f7574696c2f555549443b4c00097661726961626c657371007e00017870737200176a6176612e7574696c2e4c696e6b6564486173684d617034c04e5c106cc0fb0200015a000b6163636573734f72646572787200116a6176612e7574696c2e486173684d61700507dac1c31660d103000246000a6c6f6164466163746f724900097468726573686f6c6478703f4000000000000077080000001000000000780074002435613366373336312d316264362d343765612d383164332d3366613536376232326363647372000e6a6176612e7574696c2e55554944bc9903f7986d852f0200024a000c6c65617374536967426974734a000b6d6f737453696742697473787081d33fa567b22ccd5a3f73611bd647ea7371007e00053f4000000000000c7708000000100000000274000a6576656e745f74696d657372002a636f6d2e4c6574734d6565742e4c6574734d6565742e4576656e742e4d6f64656c2e5661726961626c6514e9cb88a9f7c4650200034c0006646f6d61696e7400154c6a6176612f7574696c2f41727261794c6973743b4c00036b657971007e00024c00047575696471007e00037870737200136a6176612e7574696c2e41727261794c6973747881d21d99c7619d03000149000473697a657870000000007704000000007871007e000c7371007e00098845bf0fb318d2db4881502f074942d674000d6576656e745f736572766963657371007e000d7371007e0010000000007704000000007871007e00137371007e0009b309cd625f56052e083670e44b1a41c17800, '2021-02-16 16:22:52', '2021-02-16 16:22:52'),
('623f5fa4-be32-4c28-b0b3-04b7b6fb0879', '623f5fa4-be32-4c28-b0b3-04b7b6fb0879', 0xaced00057372002e636f6d2e4c6574734d6565742e4c6574734d6565742e4576656e742e4d6f64656c2e436f6e646974696f6e53657400000000000000010200044c000b636f6e73747261696e74737400194c6a6176612f7574696c2f4c696e6b6564486173684d61703b4c00046e616d657400124c6a6176612f6c616e672f537472696e673b4c0004757569647400104c6a6176612f7574696c2f555549443b4c00097661726961626c657371007e00017870737200176a6176612e7574696c2e4c696e6b6564486173684d617034c04e5c106cc0fb0200015a000b6163636573734f72646572787200116a6176612e7574696c2e486173684d61700507dac1c31660d103000246000a6c6f6164466163746f724900097468726573686f6c6478703f4000000000000077080000001000000000780074002436323366356661342d626533322d346332382d623062332d3034623762366662303837397372000e6a6176612e7574696c2e55554944bc9903f7986d852f0200024a000c6c65617374536967426974734a000b6d6f7374536967426974737870b0b304b7b6fb0879623f5fa4be324c287371007e00053f4000000000000c7708000000100000000274000a6576656e745f74696d657372002a636f6d2e4c6574734d6565742e4c6574734d6565742e4576656e742e4d6f64656c2e5661726961626c6514e9cb88a9f7c4650200034c0006646f6d61696e7400154c6a6176612f7574696c2f41727261794c6973743b4c00036b657971007e00024c00047575696471007e00037870737200136a6176612e7574696c2e41727261794c6973747881d21d99c7619d03000149000473697a657870000000007704000000007871007e000c7371007e0009955818f8131ad8133665cc2d2dd0493c74000d6576656e745f736572766963657371007e000d7371007e0010000000007704000000007871007e00137371007e00098eb226e0eb81ba9ae63c0f92f64b4a0a7800, '2021-02-16 16:15:20', '2021-02-16 16:15:20'),
('6317427a-b5a0-4666-9414-ce33f86b116a', '6317427a-b5a0-4666-9414-ce33f86b116a', 0xaced00057372002e636f6d2e4c6574734d6565742e4c6574734d6565742e4576656e742e4d6f64656c2e436f6e646974696f6e53657400000000000000010200044c000b636f6e73747261696e74737400194c6a6176612f7574696c2f4c696e6b6564486173684d61703b4c00046e616d657400124c6a6176612f6c616e672f537472696e673b4c0004757569647400104c6a6176612f7574696c2f555549443b4c00097661726961626c657371007e00017870737200176a6176612e7574696c2e4c696e6b6564486173684d617034c04e5c106cc0fb0200015a000b6163636573734f72646572787200116a6176612e7574696c2e486173684d61700507dac1c31660d103000246000a6c6f6164466163746f724900097468726573686f6c6478703f4000000000000077080000001000000000780074002436333137343237612d623561302d343636362d393431342d6365333366383662313136617372000e6a6176612e7574696c2e55554944bc9903f7986d852f0200024a000c6c65617374536967426974734a000b6d6f73745369674269747378709414ce33f86b116a6317427ab5a046667371007e00053f4000000000000c7708000000100000000274000a6576656e745f74696d657372002a636f6d2e4c6574734d6565742e4c6574734d6565742e4576656e742e4d6f64656c2e5661726961626c6514e9cb88a9f7c4650200034c0006646f6d61696e7400154c6a6176612f7574696c2f41727261794c6973743b4c00036b657971007e00024c00047575696471007e00037870737200136a6176612e7574696c2e41727261794c6973747881d21d99c7619d03000149000473697a657870000000007704000000007871007e000c7371007e00099c6b141369f795e91b589cd694354b2474000d6576656e745f736572766963657371007e000d7371007e0010000000007704000000007871007e00137371007e000987dd3301718fed580602e72308094ac87800, '2021-02-16 16:15:44', '2021-02-16 16:15:44'),
('6671eef4-8a8a-4f7d-97d9-e6b8b7d3e8de', '6671eef4-8a8a-4f7d-97d9-e6b8b7d3e8de', 0xaced00057372002e636f6d2e4c6574734d6565742e4c6574734d6565742e4576656e742e4d6f64656c2e436f6e646974696f6e53657400000000000000010200044c000b636f6e73747261696e74737400194c6a6176612f7574696c2f4c696e6b6564486173684d61703b4c00046e616d657400124c6a6176612f6c616e672f537472696e673b4c0004757569647400104c6a6176612f7574696c2f555549443b4c00097661726961626c657371007e00017870737200176a6176612e7574696c2e4c696e6b6564486173684d617034c04e5c106cc0fb0200015a000b6163636573734f72646572787200116a6176612e7574696c2e486173684d61700507dac1c31660d103000246000a6c6f6164466163746f724900097468726573686f6c6478703f4000000000000077080000001000000000780074002436363731656566342d386138612d346637642d393764392d6536623862376433653864657372000e6a6176612e7574696c2e55554944bc9903f7986d852f0200024a000c6c65617374536967426974734a000b6d6f737453696742697473787097d9e6b8b7d3e8de6671eef48a8a4f7d7371007e00053f4000000000000c7708000000100000000274000a6576656e745f74696d657372002a636f6d2e4c6574734d6565742e4c6574734d6565742e4576656e742e4d6f64656c2e5661726961626c6514e9cb88a9f7c4650200034c0006646f6d61696e7400154c6a6176612f7574696c2f41727261794c6973743b4c00036b657971007e00024c00047575696471007e00037870737200136a6176612e7574696c2e41727261794c6973747881d21d99c7619d03000149000473697a657870000000007704000000007871007e000c7371007e00098060e24157398c42f3425999a7b2414174000d6576656e745f736572766963657371007e000d7371007e0010000000007704000000007871007e00137371007e00098fe0397162baaabc2ea23a82b26b49737800, '2021-02-16 16:16:04', '2021-02-16 16:16:04'),
('7a8d44bb-7027-49df-aec7-166e76370d50', '7a8d44bb-7027-49df-aec7-166e76370d50', 0xaced00057372002e636f6d2e4c6574734d6565742e4c6574734d6565742e4576656e742e4d6f64656c2e436f6e646974696f6e53657400000000000000010200044c000b636f6e73747261696e74737400194c6a6176612f7574696c2f4c696e6b6564486173684d61703b4c00046e616d657400124c6a6176612f6c616e672f537472696e673b4c0004757569647400104c6a6176612f7574696c2f555549443b4c00097661726961626c657371007e00017870737200176a6176612e7574696c2e4c696e6b6564486173684d617034c04e5c106cc0fb0200015a000b6163636573734f72646572787200116a6176612e7574696c2e486173684d61700507dac1c31660d103000246000a6c6f6164466163746f724900097468726573686f6c6478703f4000000000000077080000001000000000780074002437613864343462622d373032372d343964662d616563372d3136366537363337306435307372000e6a6176612e7574696c2e55554944bc9903f7986d852f0200024a000c6c65617374536967426974734a000b6d6f7374536967426974737870aec7166e76370d507a8d44bb702749df7371007e00053f4000000000000c7708000000100000000274000a6576656e745f74696d657372002a636f6d2e4c6574734d6565742e4c6574734d6565742e4576656e742e4d6f64656c2e5661726961626c6514e9cb88a9f7c4650200034c0006646f6d61696e7400154c6a6176612f7574696c2f41727261794c6973743b4c00036b657971007e00024c00047575696471007e00037870737200136a6176612e7574696c2e41727261794c6973747881d21d99c7619d03000149000473697a657870000000007704000000007871007e000c7371007e00098e1a10336561d28ea7bcd2cde4d84dc474000d6576656e745f736572766963657371007e000d7371007e0010000000007704000000007871007e00137371007e000999c1829ae655a73b00fc8ea677464a907800, '2021-02-16 16:24:13', '2021-02-16 16:24:13'),
('8859867a-9900-4a11-ac2d-46148313d512', '8859867a-9900-4a11-ac2d-46148313d512', 0xaced00057372002e636f6d2e4c6574734d6565742e4c6574734d6565742e4576656e742e4d6f64656c2e436f6e646974696f6e53657400000000000000010200044c000b636f6e73747261696e74737400194c6a6176612f7574696c2f4c696e6b6564486173684d61703b4c00046e616d657400124c6a6176612f6c616e672f537472696e673b4c0004757569647400104c6a6176612f7574696c2f555549443b4c00097661726961626c657371007e00017870737200176a6176612e7574696c2e4c696e6b6564486173684d617034c04e5c106cc0fb0200015a000b6163636573734f72646572787200116a6176612e7574696c2e486173684d61700507dac1c31660d103000246000a6c6f6164466163746f724900097468726573686f6c6478703f4000000000000077080000001000000000780074002438383539383637612d393930302d346131312d616332642d3436313438333133643531327372000e6a6176612e7574696c2e55554944bc9903f7986d852f0200024a000c6c65617374536967426974734a000b6d6f7374536967426974737870ac2d46148313d5128859867a99004a117371007e00053f4000000000000c7708000000100000000274000a6576656e745f74696d657372002a636f6d2e4c6574734d6565742e4c6574734d6565742e4576656e742e4d6f64656c2e5661726961626c6514e9cb88a9f7c4650200034c0006646f6d61696e7400154c6a6176612f7574696c2f41727261794c6973743b4c00036b657971007e00024c00047575696471007e00037870737200136a6176612e7574696c2e41727261794c6973747881d21d99c7619d03000149000473697a657870000000007704000000007871007e000c7371007e00098b3dbb608523dc6648b39274674141d074000d6576656e745f736572766963657371007e000d7371007e0010000000007704000000007871007e00137371007e00098bb3acf7d5aff4105f2b21af1f344dda7800, '2021-02-16 16:22:00', '2021-02-16 16:22:00'),
('89ecf55a-8647-455e-85ce-1b02d9360712', '89ecf55a-8647-455e-85ce-1b02d9360712', 0xaced00057372002e636f6d2e4c6574734d6565742e4c6574734d6565742e4576656e742e4d6f64656c2e436f6e646974696f6e53657400000000000000010200044c000b636f6e73747261696e74737400194c6a6176612f7574696c2f4c696e6b6564486173684d61703b4c00046e616d657400124c6a6176612f6c616e672f537472696e673b4c0004757569647400104c6a6176612f7574696c2f555549443b4c00097661726961626c657371007e00017870737200176a6176612e7574696c2e4c696e6b6564486173684d617034c04e5c106cc0fb0200015a000b6163636573734f72646572787200116a6176612e7574696c2e486173684d61700507dac1c31660d103000246000a6c6f6164466163746f724900097468726573686f6c6478703f4000000000000077080000001000000000780074002438396563663535612d383634372d343535652d383563652d3162303264393336303731327372000e6a6176612e7574696c2e55554944bc9903f7986d852f0200024a000c6c65617374536967426974734a000b6d6f737453696742697473787085ce1b02d936071289ecf55a8647455e7371007e00053f4000000000000c7708000000100000000274000a6576656e745f74696d657372002a636f6d2e4c6574734d6565742e4c6574734d6565742e4576656e742e4d6f64656c2e5661726961626c6514e9cb88a9f7c4650200034c0006646f6d61696e7400154c6a6176612f7574696c2f41727261794c6973743b4c00036b657971007e00024c00047575696471007e00037870737200136a6176612e7574696c2e41727261794c6973747881d21d99c7619d03000149000473697a657870000000007704000000007871007e000c7371007e0009af06e3c101c6ac2ec7cacc30d18e492574000d6576656e745f736572766963657371007e000d7371007e0010000000007704000000007871007e00137371007e000985dc7e75d651dbb81b57b106c85449d87800, '2021-02-16 16:20:55', '2021-02-16 16:20:55'),
('8a0f4256-a427-4a53-be6f-e0d69a9e4974', '8a0f4256-a427-4a53-be6f-e0d69a9e4974', 0xaced00057372002e636f6d2e4c6574734d6565742e4c6574734d6565742e4576656e742e4d6f64656c2e436f6e646974696f6e53657400000000000000010200044c000b636f6e73747261696e74737400194c6a6176612f7574696c2f4c696e6b6564486173684d61703b4c00046e616d657400124c6a6176612f6c616e672f537472696e673b4c0004757569647400104c6a6176612f7574696c2f555549443b4c00097661726961626c657371007e00017870737200176a6176612e7574696c2e4c696e6b6564486173684d617034c04e5c106cc0fb0200015a000b6163636573734f72646572787200116a6176612e7574696c2e486173684d61700507dac1c31660d103000246000a6c6f6164466163746f724900097468726573686f6c6478703f4000000000000077080000001000000000780074002438613066343235362d613432372d346135332d626536662d6530643639613965343937347372000e6a6176612e7574696c2e55554944bc9903f7986d852f0200024a000c6c65617374536967426974734a000b6d6f7374536967426974737870be6fe0d69a9e49748a0f4256a4274a537371007e00053f4000000000000c7708000000100000000274000a6576656e745f74696d657372002a636f6d2e4c6574734d6565742e4c6574734d6565742e4576656e742e4d6f64656c2e5661726961626c6514e9cb88a9f7c4650200034c0006646f6d61696e7400154c6a6176612f7574696c2f41727261794c6973743b4c00036b657971007e00024c00047575696471007e00037870737200136a6176612e7574696c2e41727261794c6973747881d21d99c7619d03000149000473697a657870000000007704000000007871007e000c7371007e00099eb5cbd8c6cf6e5aa22f1e3d0dd3412074000d6576656e745f736572766963657371007e000d7371007e0010000000007704000000007871007e00137371007e0009b82cf34980a2f69fc0a217bb754f4b137800, '2021-02-16 16:05:20', '2021-02-16 16:05:20'),
('8b621708-ac41-408a-9b0e-2e932d060ecb', '8b621708-ac41-408a-9b0e-2e932d060ecb', 0xaced00057372002e636f6d2e4c6574734d6565742e4c6574734d6565742e4576656e742e4d6f64656c2e436f6e646974696f6e53657400000000000000010200044c000b636f6e73747261696e74737400194c6a6176612f7574696c2f4c696e6b6564486173684d61703b4c00046e616d657400124c6a6176612f6c616e672f537472696e673b4c0004757569647400104c6a6176612f7574696c2f555549443b4c00097661726961626c657371007e00017870737200176a6176612e7574696c2e4c696e6b6564486173684d617034c04e5c106cc0fb0200015a000b6163636573734f72646572787200116a6176612e7574696c2e486173684d61700507dac1c31660d103000246000a6c6f6164466163746f724900097468726573686f6c6478703f4000000000000077080000001000000000780074002438623632313730382d616334312d343038612d396230652d3265393332643036306563627372000e6a6176612e7574696c2e55554944bc9903f7986d852f0200024a000c6c65617374536967426974734a000b6d6f73745369674269747378709b0e2e932d060ecb8b621708ac41408a7371007e00053f4000000000000c7708000000100000000274000a6576656e745f74696d657372002a636f6d2e4c6574734d6565742e4c6574734d6565742e4576656e742e4d6f64656c2e5661726961626c6514e9cb88a9f7c4650200034c0006646f6d61696e7400154c6a6176612f7574696c2f41727261794c6973743b4c00036b657971007e00024c00047575696471007e00037870737200136a6176612e7574696c2e41727261794c6973747881d21d99c7619d03000149000473697a657870000000007704000000007871007e000c7371007e0009891f0f1e86cdd28e2779b3bd834b41f474000d6576656e745f736572766963657371007e000d7371007e0010000000007704000000007871007e00137371007e0009aad09f6a5ac5cb4f66a0a6e67dfb4f217800, '2021-02-16 16:16:19', '2021-02-16 16:16:19'),
('8e10c503-acde-46db-b575-96410667c812', '8e10c503-acde-46db-b575-96410667c812', 0xaced00057372002e636f6d2e4c6574734d6565742e4c6574734d6565742e4576656e742e4d6f64656c2e436f6e646974696f6e53657400000000000000010200044c000b636f6e73747261696e74737400194c6a6176612f7574696c2f4c696e6b6564486173684d61703b4c00046e616d657400124c6a6176612f6c616e672f537472696e673b4c0004757569647400104c6a6176612f7574696c2f555549443b4c00097661726961626c657371007e00017870737200176a6176612e7574696c2e4c696e6b6564486173684d617034c04e5c106cc0fb0200015a000b6163636573734f72646572787200116a6176612e7574696c2e486173684d61700507dac1c31660d103000246000a6c6f6164466163746f724900097468726573686f6c6478703f4000000000000077080000001000000000780074002438653130633530332d616364652d343664622d623537352d3936343130363637633831327372000e6a6176612e7574696c2e55554944bc9903f7986d852f0200024a000c6c65617374536967426974734a000b6d6f7374536967426974737870b57596410667c8128e10c503acde46db7371007e00053f4000000000000c7708000000100000000274000a6576656e745f74696d657372002a636f6d2e4c6574734d6565742e4c6574734d6565742e4576656e742e4d6f64656c2e5661726961626c6514e9cb88a9f7c4650200034c0006646f6d61696e7400154c6a6176612f7574696c2f41727261794c6973743b4c00036b657971007e00024c00047575696471007e00037870737200136a6176612e7574696c2e41727261794c6973747881d21d99c7619d03000149000473697a657870000000007704000000007871007e000c7371007e0009bba4686bcac101bf31e31af2636f452e74000d6576656e745f736572766963657371007e000d7371007e0010000000007704000000007871007e00137371007e000991838dc1ea20b4b5036c40868f064e6f7800, '2021-02-16 16:16:23', '2021-02-16 16:16:23'),
('91104cab-4283-44d8-84f3-30bae947114f', '91104cab-4283-44d8-84f3-30bae947114f', 0xaced00057372002e636f6d2e4c6574734d6565742e4c6574734d6565742e4576656e742e4d6f64656c2e436f6e646974696f6e53657400000000000000010200044c000b636f6e73747261696e74737400194c6a6176612f7574696c2f4c696e6b6564486173684d61703b4c00046e616d657400124c6a6176612f6c616e672f537472696e673b4c0004757569647400104c6a6176612f7574696c2f555549443b4c00097661726961626c657371007e00017870737200176a6176612e7574696c2e4c696e6b6564486173684d617034c04e5c106cc0fb0200015a000b6163636573734f72646572787200116a6176612e7574696c2e486173684d61700507dac1c31660d103000246000a6c6f6164466163746f724900097468726573686f6c6478703f4000000000000077080000001000000000780074002439313130346361622d343238332d343464382d383466332d3330626165393437313134667372000e6a6176612e7574696c2e55554944bc9903f7986d852f0200024a000c6c65617374536967426974734a000b6d6f737453696742697473787084f330bae947114f91104cab428344d87371007e00053f4000000000000c7708000000100000000274000a6576656e745f74696d657372002a636f6d2e4c6574734d6565742e4c6574734d6565742e4576656e742e4d6f64656c2e5661726961626c6514e9cb88a9f7c4650200034c0006646f6d61696e7400154c6a6176612f7574696c2f41727261794c6973743b4c00036b657971007e00024c00047575696471007e00037870737200136a6176612e7574696c2e41727261794c6973747881d21d99c7619d03000149000473697a657870000000007704000000007871007e000c7371007e0009a24551e36c369eac13ddf95b32eb496574000d6576656e745f736572766963657371007e000d7371007e0010000000007704000000007871007e00137371007e0009bcd3f5eb08e4e3354ad679dec1c54d717800, '2021-02-18 18:11:21', '2021-02-18 18:11:21'),
('91e3849e-ea23-4b7a-946b-edd0f4014eb9', '91e3849e-ea23-4b7a-946b-edd0f4014eb9', 0xaced00057372002e636f6d2e4c6574734d6565742e4c6574734d6565742e4576656e742e4d6f64656c2e436f6e646974696f6e53657400000000000000010200044c000b636f6e73747261696e74737400194c6a6176612f7574696c2f4c696e6b6564486173684d61703b4c00046e616d657400124c6a6176612f6c616e672f537472696e673b4c0004757569647400104c6a6176612f7574696c2f555549443b4c00097661726961626c657371007e00017870737200176a6176612e7574696c2e4c696e6b6564486173684d617034c04e5c106cc0fb0200015a000b6163636573734f72646572787200116a6176612e7574696c2e486173684d61700507dac1c31660d103000246000a6c6f6164466163746f724900097468726573686f6c6478703f4000000000000077080000001000000000780074002439316533383439652d656132332d346237612d393436622d6564643066343031346562397372000e6a6176612e7574696c2e55554944bc9903f7986d852f0200024a000c6c65617374536967426974734a000b6d6f7374536967426974737870946bedd0f4014eb991e3849eea234b7a7371007e00053f4000000000000c7708000000100000000274000a6576656e745f74696d657372002a636f6d2e4c6574734d6565742e4c6574734d6565742e4576656e742e4d6f64656c2e5661726961626c6514e9cb88a9f7c4650200034c0006646f6d61696e7400154c6a6176612f7574696c2f41727261794c6973743b4c00036b657971007e00024c00047575696471007e00037870737200136a6176612e7574696c2e41727261794c6973747881d21d99c7619d03000149000473697a657870000000007704000000007871007e000c7371007e000998f61ac123825682460cc7060c7148c274000d6576656e745f736572766963657371007e000d7371007e0010000000007704000000007871007e00137371007e0009b1710ab42c1ecfa42e5d97825ddd48b57800, '2021-02-16 16:16:48', '2021-02-16 16:16:48'),
('959a6b8a-0202-4b33-b09c-7a2a8d181b82', '959a6b8a-0202-4b33-b09c-7a2a8d181b82', 0xaced00057372002e636f6d2e4c6574734d6565742e4c6574734d6565742e4576656e742e4d6f64656c2e436f6e646974696f6e53657400000000000000010200044c000b636f6e73747261696e74737400194c6a6176612f7574696c2f4c696e6b6564486173684d61703b4c00046e616d657400124c6a6176612f6c616e672f537472696e673b4c0004757569647400104c6a6176612f7574696c2f555549443b4c00097661726961626c657371007e00017870737200176a6176612e7574696c2e4c696e6b6564486173684d617034c04e5c106cc0fb0200015a000b6163636573734f72646572787200116a6176612e7574696c2e486173684d61700507dac1c31660d103000246000a6c6f6164466163746f724900097468726573686f6c6478703f4000000000000077080000001000000000780074002439353961366238612d303230322d346233332d623039632d3761326138643138316238327372000e6a6176612e7574696c2e55554944bc9903f7986d852f0200024a000c6c65617374536967426974734a000b6d6f7374536967426974737870b09c7a2a8d181b82959a6b8a02024b337371007e00053f4000000000000c7708000000100000000274000a6576656e745f74696d657372002a636f6d2e4c6574734d6565742e4c6574734d6565742e4576656e742e4d6f64656c2e5661726961626c6514e9cb88a9f7c4650200034c0006646f6d61696e7400154c6a6176612f7574696c2f41727261794c6973743b4c00036b657971007e00024c00047575696471007e00037870737200136a6176612e7574696c2e41727261794c6973747881d21d99c7619d03000149000473697a657870000000007704000000007871007e000c7371007e0009b41b5d1b12274a259ff25f2b7f034a5b74000d6576656e745f736572766963657371007e000d7371007e0010000000007704000000007871007e00137371007e0009b7da74bc20b050d604cbd072a3694c247800, '2021-02-16 16:15:54', '2021-02-16 16:15:54'),
('966ba589-663a-4311-a156-9656e018de71', '966ba589-663a-4311-a156-9656e018de71', 0xaced00057372002e636f6d2e4c6574734d6565742e4c6574734d6565742e4576656e742e4d6f64656c2e436f6e646974696f6e53657400000000000000010200044c000b636f6e73747261696e74737400194c6a6176612f7574696c2f4c696e6b6564486173684d61703b4c00046e616d657400124c6a6176612f6c616e672f537472696e673b4c0004757569647400104c6a6176612f7574696c2f555549443b4c00097661726961626c657371007e00017870737200176a6176612e7574696c2e4c696e6b6564486173684d617034c04e5c106cc0fb0200015a000b6163636573734f72646572787200116a6176612e7574696c2e486173684d61700507dac1c31660d103000246000a6c6f6164466163746f724900097468726573686f6c6478703f4000000000000077080000001000000000780074002439363662613538392d363633612d343331312d613135362d3936353665303138646537317372000e6a6176612e7574696c2e55554944bc9903f7986d852f0200024a000c6c65617374536967426974734a000b6d6f7374536967426974737870a1569656e018de71966ba589663a43117371007e00053f4000000000000c7708000000100000000274000a6576656e745f74696d657372002a636f6d2e4c6574734d6565742e4c6574734d6565742e4576656e742e4d6f64656c2e5661726961626c6514e9cb88a9f7c4650200034c0006646f6d61696e7400154c6a6176612f7574696c2f41727261794c6973743b4c00036b657971007e00024c00047575696471007e00037870737200136a6176612e7574696c2e41727261794c6973747881d21d99c7619d03000149000473697a657870000000007704000000007871007e000c7371007e0009a256c192ff8566f2bd9a852ec67c46d074000d6576656e745f736572766963657371007e000d7371007e0010000000007704000000007871007e00137371007e0009af47f8118e9d3ad290c404474b664aab7800, '2021-02-16 16:16:13', '2021-02-16 16:16:13'),
('9f21063a-4966-4914-9f09-b19be9cdf035', '9f21063a-4966-4914-9f09-b19be9cdf035', 0xaced00057372002e636f6d2e4c6574734d6565742e4c6574734d6565742e4576656e742e4d6f64656c2e436f6e646974696f6e53657400000000000000010200044c000b636f6e73747261696e74737400194c6a6176612f7574696c2f4c696e6b6564486173684d61703b4c00046e616d657400124c6a6176612f6c616e672f537472696e673b4c0004757569647400104c6a6176612f7574696c2f555549443b4c00097661726961626c657371007e00017870737200176a6176612e7574696c2e4c696e6b6564486173684d617034c04e5c106cc0fb0200015a000b6163636573734f72646572787200116a6176612e7574696c2e486173684d61700507dac1c31660d103000246000a6c6f6164466163746f724900097468726573686f6c6478703f4000000000000077080000001000000000780074002439663231303633612d343936362d343931342d396630392d6231396265396364663033357372000e6a6176612e7574696c2e55554944bc9903f7986d852f0200024a000c6c65617374536967426974734a000b6d6f73745369674269747378709f09b19be9cdf0359f21063a496649147371007e00053f4000000000000c7708000000100000000274000a6576656e745f74696d657372002a636f6d2e4c6574734d6565742e4c6574734d6565742e4576656e742e4d6f64656c2e5661726961626c6514e9cb88a9f7c4650200034c0006646f6d61696e7400154c6a6176612f7574696c2f41727261794c6973743b4c00036b657971007e00024c00047575696471007e00037870737200136a6176612e7574696c2e41727261794c6973747881d21d99c7619d03000149000473697a657870000000007704000000007871007e000c7371007e0009a5123d651a3f69ea2a9a09b0fcc345e474000d6576656e745f736572766963657371007e000d7371007e0010000000007704000000007871007e00137371007e0009b85cd092a0be8eb1406106fcc93e47fe7800, '2021-02-16 16:22:34', '2021-02-16 16:22:34');
INSERT INTO `ConditionSet` (`ConditionSetUUID`, `Name`, `Object`, `Created`, `Modified`) VALUES
('a09ea226-1a9a-495d-8904-090507d61a6b', 'a09ea226-1a9a-495d-8904-090507d61a6b', 0xaced00057372002e636f6d2e4c6574734d6565742e4c6574734d6565742e4576656e742e4d6f64656c2e436f6e646974696f6e53657400000000000000010200044c000b636f6e73747261696e74737400194c6a6176612f7574696c2f4c696e6b6564486173684d61703b4c00046e616d657400124c6a6176612f6c616e672f537472696e673b4c0004757569647400104c6a6176612f7574696c2f555549443b4c00097661726961626c657371007e00017870737200176a6176612e7574696c2e4c696e6b6564486173684d617034c04e5c106cc0fb0200015a000b6163636573734f72646572787200116a6176612e7574696c2e486173684d61700507dac1c31660d103000246000a6c6f6164466163746f724900097468726573686f6c6478703f4000000000000077080000001000000000780074002461303965613232362d316139612d343935642d383930342d3039303530376436316136627372000e6a6176612e7574696c2e55554944bc9903f7986d852f0200024a000c6c65617374536967426974734a000b6d6f73745369674269747378708904090507d61a6ba09ea2261a9a495d7371007e00053f4000000000000c7708000000100000000274000a6576656e745f74696d657372002a636f6d2e4c6574734d6565742e4c6574734d6565742e4576656e742e4d6f64656c2e5661726961626c6514e9cb88a9f7c4650200034c0006646f6d61696e7400154c6a6176612f7574696c2f41727261794c6973743b4c00036b657971007e00024c00047575696471007e00037870737200136a6176612e7574696c2e41727261794c6973747881d21d99c7619d03000149000473697a657870000000007704000000007871007e000c7371007e0009840538c31ac3db946333b260246c46f374000d6576656e745f736572766963657371007e000d7371007e0010000000007704000000007871007e00137371007e0009884bbfa5668ade787af0114be4b64dee7800, '2021-02-16 16:16:01', '2021-02-16 16:16:01'),
('addc1bc7-69a5-4b15-a8be-d072b0df4a9c', 'addc1bc7-69a5-4b15-a8be-d072b0df4a9c', 0xaced00057372002e636f6d2e4c6574734d6565742e4c6574734d6565742e4576656e742e4d6f64656c2e436f6e646974696f6e53657400000000000000010200044c000b636f6e73747261696e74737400194c6a6176612f7574696c2f4c696e6b6564486173684d61703b4c00046e616d657400124c6a6176612f6c616e672f537472696e673b4c0004757569647400104c6a6176612f7574696c2f555549443b4c00097661726961626c657371007e00017870737200176a6176612e7574696c2e4c696e6b6564486173684d617034c04e5c106cc0fb0200015a000b6163636573734f72646572787200116a6176612e7574696c2e486173684d61700507dac1c31660d103000246000a6c6f6164466163746f724900097468726573686f6c6478703f4000000000000077080000001000000000780074002461646463316263372d363961352d346231352d613862652d6430373262306466346139637372000e6a6176612e7574696c2e55554944bc9903f7986d852f0200024a000c6c65617374536967426974734a000b6d6f7374536967426974737870a8bed072b0df4a9caddc1bc769a54b157371007e00053f4000000000000c7708000000100000000274000a6576656e745f74696d657372002a636f6d2e4c6574734d6565742e4c6574734d6565742e4576656e742e4d6f64656c2e5661726961626c6514e9cb88a9f7c4650200034c0006646f6d61696e7400154c6a6176612f7574696c2f41727261794c6973743b4c00036b657971007e00024c00047575696471007e00037870737200136a6176612e7574696c2e41727261794c6973747881d21d99c7619d03000149000473697a657870000000007704000000007871007e000c7371007e0009b31fcc371e026974e04b0b821fe2435c74000d6576656e745f736572766963657371007e000d7371007e0010000000007704000000007871007e00137371007e0009bf736c5d2ef71ad85d333603186d4a5e7800, '2021-02-16 16:15:08', '2021-02-16 16:15:08'),
('b0e5a16d-38d9-47ec-b364-579432e52bc5', 'b0e5a16d-38d9-47ec-b364-579432e52bc5', 0xaced00057372002e636f6d2e4c6574734d6565742e4c6574734d6565742e4576656e742e4d6f64656c2e436f6e646974696f6e53657400000000000000010200044c000b636f6e73747261696e74737400194c6a6176612f7574696c2f4c696e6b6564486173684d61703b4c00046e616d657400124c6a6176612f6c616e672f537472696e673b4c0004757569647400104c6a6176612f7574696c2f555549443b4c00097661726961626c657371007e00017870737200176a6176612e7574696c2e4c696e6b6564486173684d617034c04e5c106cc0fb0200015a000b6163636573734f72646572787200116a6176612e7574696c2e486173684d61700507dac1c31660d103000246000a6c6f6164466163746f724900097468726573686f6c6478703f4000000000000077080000001000000000780074002462306535613136642d333864392d343765632d623336342d3537393433326535326263357372000e6a6176612e7574696c2e55554944bc9903f7986d852f0200024a000c6c65617374536967426974734a000b6d6f7374536967426974737870b364579432e52bc5b0e5a16d38d947ec7371007e00053f4000000000000c7708000000100000000274000a6576656e745f74696d657372002a636f6d2e4c6574734d6565742e4c6574734d6565742e4576656e742e4d6f64656c2e5661726961626c6514e9cb88a9f7c4650200034c0006646f6d61696e7400154c6a6176612f7574696c2f41727261794c6973743b4c00036b657971007e00024c00047575696471007e00037870737200136a6176612e7574696c2e41727261794c6973747881d21d99c7619d03000149000473697a657870000000017704000000017372002f636f6d2e4c6574734d6565742e4c6574734d6565742e4576656e742e4d6f64656c2e4461746554696d6552616e676565fba19defd197860200024c0003656e647400104c6a6176612f7574696c2f446174653b4c0005737461727471007e001378707372000e6a6176612e7574696c2e44617465686a81014b59741903000078707708000038003b9b7800787371007e001577080000377400104400787871007e000c7371007e00098c8066aaad1f981c661aa0215884459474000d6576656e745f736572766963657371007e000d7371007e0010000000007704000000007871007e00197371007e00098c0b723f6025ad348529b4dc6b5447107800, '2021-02-16 15:30:48', '2021-02-16 15:30:48'),
('be6bced7-4563-402f-94f2-27a1ffa27f48', 'be6bced7-4563-402f-94f2-27a1ffa27f48', 0xaced00057372002e636f6d2e4c6574734d6565742e4c6574734d6565742e4576656e742e4d6f64656c2e436f6e646974696f6e53657400000000000000010200044c000b636f6e73747261696e74737400194c6a6176612f7574696c2f4c696e6b6564486173684d61703b4c00046e616d657400124c6a6176612f6c616e672f537472696e673b4c0004757569647400104c6a6176612f7574696c2f555549443b4c00097661726961626c657371007e00017870737200176a6176612e7574696c2e4c696e6b6564486173684d617034c04e5c106cc0fb0200015a000b6163636573734f72646572787200116a6176612e7574696c2e486173684d61700507dac1c31660d103000246000a6c6f6164466163746f724900097468726573686f6c6478703f4000000000000077080000001000000000780074002462653662636564372d343536332d343032662d393466322d3237613166666132376634387372000e6a6176612e7574696c2e55554944bc9903f7986d852f0200024a000c6c65617374536967426974734a000b6d6f737453696742697473787094f227a1ffa27f48be6bced74563402f7371007e00053f4000000000000c7708000000100000000274000a6576656e745f74696d657372002a636f6d2e4c6574734d6565742e4c6574734d6565742e4576656e742e4d6f64656c2e5661726961626c6514e9cb88a9f7c4650200034c0006646f6d61696e7400154c6a6176612f7574696c2f41727261794c6973743b4c00036b657971007e00024c00047575696471007e00037870737200136a6176612e7574696c2e41727261794c6973747881d21d99c7619d03000149000473697a657870000000007704000000007871007e000c7371007e0009b64941d3ec2bb905c2226dda1310473274000d6576656e745f736572766963657371007e000d7371007e0010000000007704000000007871007e00137371007e0009bff1075080633487f36190c21c49428e7800, '2021-02-16 16:22:17', '2021-02-16 16:22:17'),
('beca094d-d45f-45d8-828a-2214eefbe75a', 'beca094d-d45f-45d8-828a-2214eefbe75a', 0xaced00057372002e636f6d2e4c6574734d6565742e4c6574734d6565742e4576656e742e4d6f64656c2e436f6e646974696f6e53657400000000000000010200044c000b636f6e73747261696e74737400194c6a6176612f7574696c2f4c696e6b6564486173684d61703b4c00046e616d657400124c6a6176612f6c616e672f537472696e673b4c0004757569647400104c6a6176612f7574696c2f555549443b4c00097661726961626c657371007e00017870737200176a6176612e7574696c2e4c696e6b6564486173684d617034c04e5c106cc0fb0200015a000b6163636573734f72646572787200116a6176612e7574696c2e486173684d61700507dac1c31660d103000246000a6c6f6164466163746f724900097468726573686f6c6478703f4000000000000077080000001000000000780074002462656361303934642d643435662d343564382d383238612d3232313465656662653735617372000e6a6176612e7574696c2e55554944bc9903f7986d852f0200024a000c6c65617374536967426974734a000b6d6f7374536967426974737870828a2214eefbe75abeca094dd45f45d87371007e00053f4000000000000c7708000000100000000274000a6576656e745f74696d657372002a636f6d2e4c6574734d6565742e4c6574734d6565742e4576656e742e4d6f64656c2e5661726961626c6514e9cb88a9f7c4650200034c0006646f6d61696e7400154c6a6176612f7574696c2f41727261794c6973743b4c00036b657971007e00024c00047575696471007e00037870737200136a6176612e7574696c2e41727261794c6973747881d21d99c7619d03000149000473697a657870000000007704000000007871007e000c7371007e0009b7633a74675f54b4c70233a8e18b42c374000d6576656e745f736572766963657371007e000d7371007e0010000000007704000000007871007e00137371007e0009864fcbf544a5d6a020bde3f4bd434a7c7800, '2021-02-16 16:20:32', '2021-02-16 16:20:32'),
('c7609a8b-afee-4690-9951-b524091cc0d3', 'c7609a8b-afee-4690-9951-b524091cc0d3', 0xaced00057372002e636f6d2e4c6574734d6565742e4c6574734d6565742e4576656e742e4d6f64656c2e436f6e646974696f6e53657400000000000000010200044c000b636f6e73747261696e74737400194c6a6176612f7574696c2f4c696e6b6564486173684d61703b4c00046e616d657400124c6a6176612f6c616e672f537472696e673b4c0004757569647400104c6a6176612f7574696c2f555549443b4c00097661726961626c657371007e00017870737200176a6176612e7574696c2e4c696e6b6564486173684d617034c04e5c106cc0fb0200015a000b6163636573734f72646572787200116a6176612e7574696c2e486173684d61700507dac1c31660d103000246000a6c6f6164466163746f724900097468726573686f6c6478703f4000000000000077080000001000000000780074002463373630396138622d616665652d343639302d393935312d6235323430393163633064337372000e6a6176612e7574696c2e55554944bc9903f7986d852f0200024a000c6c65617374536967426974734a000b6d6f73745369674269747378709951b524091cc0d3c7609a8bafee46907371007e00053f4000000000000c7708000000100000000274000a6576656e745f74696d657372002a636f6d2e4c6574734d6565742e4c6574734d6565742e4576656e742e4d6f64656c2e5661726961626c6514e9cb88a9f7c4650200034c0006646f6d61696e7400154c6a6176612f7574696c2f41727261794c6973743b4c00036b657971007e00024c00047575696471007e00037870737200136a6176612e7574696c2e41727261794c6973747881d21d99c7619d03000149000473697a657870000000007704000000007871007e000c7371007e0009b1bc29c565211db3b96c9f5a2a4c4a9974000d6576656e745f736572766963657371007e000d7371007e0010000000007704000000007871007e00137371007e000996b7da5f2bfec25198cd9fb8b2954f037800, '2021-02-16 16:13:53', '2021-02-16 16:13:53'),
('d970e630-2293-440f-9fd1-14854c24b22e', 'd970e630-2293-440f-9fd1-14854c24b22e', 0xaced00057372002e636f6d2e4c6574734d6565742e4c6574734d6565742e4576656e742e4d6f64656c2e436f6e646974696f6e53657400000000000000010200044c000b636f6e73747261696e74737400194c6a6176612f7574696c2f4c696e6b6564486173684d61703b4c00046e616d657400124c6a6176612f6c616e672f537472696e673b4c0004757569647400104c6a6176612f7574696c2f555549443b4c00097661726961626c657371007e00017870737200176a6176612e7574696c2e4c696e6b6564486173684d617034c04e5c106cc0fb0200015a000b6163636573734f72646572787200116a6176612e7574696c2e486173684d61700507dac1c31660d103000246000a6c6f6164466163746f724900097468726573686f6c6478703f4000000000000077080000001000000000780074002464393730653633302d323239332d343430662d396664312d3134383534633234623232657372000e6a6176612e7574696c2e55554944bc9903f7986d852f0200024a000c6c65617374536967426974734a000b6d6f73745369674269747378709fd114854c24b22ed970e6302293440f7371007e00053f4000000000000c7708000000100000000274000a6576656e745f74696d657372002a636f6d2e4c6574734d6565742e4c6574734d6565742e4576656e742e4d6f64656c2e5661726961626c6514e9cb88a9f7c4650200034c0006646f6d61696e7400154c6a6176612f7574696c2f41727261794c6973743b4c00036b657971007e00024c00047575696471007e00037870737200136a6176612e7574696c2e41727261794c6973747881d21d99c7619d03000149000473697a657870000000007704000000007871007e000c7371007e0009adc7aef5821b63b538fe2ca9ccf34b9974000d6576656e745f736572766963657371007e000d7371007e0010000000007704000000007871007e00137371007e00099755f19a916f9637601d53f65cf843727800, '2021-02-16 16:17:19', '2021-02-16 16:17:19'),
('df416f3d-4a83-438e-8227-c4aeb73e5717', 'df416f3d-4a83-438e-8227-c4aeb73e5717', 0xaced00057372002e636f6d2e4c6574734d6565742e4c6574734d6565742e4576656e742e4d6f64656c2e436f6e646974696f6e53657400000000000000010200044c000b636f6e73747261696e74737400194c6a6176612f7574696c2f4c696e6b6564486173684d61703b4c00046e616d657400124c6a6176612f6c616e672f537472696e673b4c0004757569647400104c6a6176612f7574696c2f555549443b4c00097661726961626c657371007e00017870737200176a6176612e7574696c2e4c696e6b6564486173684d617034c04e5c106cc0fb0200015a000b6163636573734f72646572787200116a6176612e7574696c2e486173684d61700507dac1c31660d103000246000a6c6f6164466163746f724900097468726573686f6c6478703f4000000000000077080000001000000000780074002464663431366633642d346138332d343338652d383232372d6334616562373365353731377372000e6a6176612e7574696c2e55554944bc9903f7986d852f0200024a000c6c65617374536967426974734a000b6d6f73745369674269747378708227c4aeb73e5717df416f3d4a83438e7371007e00053f4000000000000c7708000000100000000274000a6576656e745f74696d657372002a636f6d2e4c6574734d6565742e4c6574734d6565742e4576656e742e4d6f64656c2e5661726961626c6514e9cb88a9f7c4650200034c0006646f6d61696e7400154c6a6176612f7574696c2f41727261794c6973743b4c00036b657971007e00024c00047575696471007e00037870737200136a6176612e7574696c2e41727261794c6973747881d21d99c7619d03000149000473697a657870000000007704000000007871007e000c7371007e0009a0172459ad1acb3186bb815a595144ac74000d6576656e745f736572766963657371007e000d7371007e0010000000007704000000007871007e00137371007e0009b3cc6d152e7ca0a57d917f0f9237407c7800, '2021-02-16 16:15:29', '2021-02-16 16:15:29'),
('e22231c1-d8c3-47d7-8b40-ea40f67a8627', 'e22231c1-d8c3-47d7-8b40-ea40f67a8627', 0xaced00057372002e636f6d2e4c6574734d6565742e4c6574734d6565742e4576656e742e4d6f64656c2e436f6e646974696f6e53657400000000000000010200044c000b636f6e73747261696e74737400194c6a6176612f7574696c2f4c696e6b6564486173684d61703b4c00046e616d657400124c6a6176612f6c616e672f537472696e673b4c0004757569647400104c6a6176612f7574696c2f555549443b4c00097661726961626c657371007e00017870737200176a6176612e7574696c2e4c696e6b6564486173684d617034c04e5c106cc0fb0200015a000b6163636573734f72646572787200116a6176612e7574696c2e486173684d61700507dac1c31660d103000246000a6c6f6164466163746f724900097468726573686f6c6478703f4000000000000077080000001000000000780074002465323232333163312d643863332d343764372d386234302d6561343066363761383632377372000e6a6176612e7574696c2e55554944bc9903f7986d852f0200024a000c6c65617374536967426974734a000b6d6f73745369674269747378708b40ea40f67a8627e22231c1d8c347d77371007e00053f4000000000000c7708000000100000000274000a6576656e745f74696d657372002a636f6d2e4c6574734d6565742e4c6574734d6565742e4576656e742e4d6f64656c2e5661726961626c6514e9cb88a9f7c4650200034c0006646f6d61696e7400154c6a6176612f7574696c2f41727261794c6973743b4c00036b657971007e00024c00047575696471007e00037870737200136a6176612e7574696c2e41727261794c6973747881d21d99c7619d03000149000473697a657870000000007704000000007871007e000c7371007e000985fa8a003c48c5b6b5bf6b71c90e406274000d6576656e745f736572766963657371007e000d7371007e0010000000007704000000007871007e00137371007e00098fd8dd87a6e31ce00bb749c903074b0b7800, '2021-02-16 16:15:38', '2021-02-16 16:15:38'),
('e24983b0-7ee4-4b5f-94e1-eed47683cc16', 'e24983b0-7ee4-4b5f-94e1-eed47683cc16', 0xaced00057372002e636f6d2e4c6574734d6565742e4c6574734d6565742e4576656e742e4d6f64656c2e436f6e646974696f6e53657400000000000000010200044c000b636f6e73747261696e74737400194c6a6176612f7574696c2f4c696e6b6564486173684d61703b4c00046e616d657400124c6a6176612f6c616e672f537472696e673b4c0004757569647400104c6a6176612f7574696c2f555549443b4c00097661726961626c657371007e00017870737200176a6176612e7574696c2e4c696e6b6564486173684d617034c04e5c106cc0fb0200015a000b6163636573734f72646572787200116a6176612e7574696c2e486173684d61700507dac1c31660d103000246000a6c6f6164466163746f724900097468726573686f6c6478703f4000000000000077080000001000000000780074002465323439383362302d376565342d346235662d393465312d6565643437363833636331367372000e6a6176612e7574696c2e55554944bc9903f7986d852f0200024a000c6c65617374536967426974734a000b6d6f737453696742697473787094e1eed47683cc16e24983b07ee44b5f7371007e00053f4000000000000c7708000000100000000274000a6576656e745f74696d657372002a636f6d2e4c6574734d6565742e4c6574734d6565742e4576656e742e4d6f64656c2e5661726961626c6514e9cb88a9f7c4650200034c0006646f6d61696e7400154c6a6176612f7574696c2f41727261794c6973743b4c00036b657971007e00024c00047575696471007e00037870737200136a6176612e7574696c2e41727261794c6973747881d21d99c7619d03000149000473697a657870000000007704000000007871007e000c7371007e0009aae3c95abcfe745b7cbcb542372c40f774000d6576656e745f736572766963657371007e000d7371007e0010000000007704000000007871007e00137371007e0009a7047aa8c90db03edf25df9811094f667800, '2021-02-16 16:21:48', '2021-02-16 16:21:48'),
('e29f3396-48eb-4c83-abcb-ca3eaf375933', 'e29f3396-48eb-4c83-abcb-ca3eaf375933', 0xaced00057372002e636f6d2e4c6574734d6565742e4c6574734d6565742e4576656e742e4d6f64656c2e436f6e646974696f6e53657400000000000000010200044c000b636f6e73747261696e74737400194c6a6176612f7574696c2f4c696e6b6564486173684d61703b4c00046e616d657400124c6a6176612f6c616e672f537472696e673b4c0004757569647400104c6a6176612f7574696c2f555549443b4c00097661726961626c657371007e00017870737200176a6176612e7574696c2e4c696e6b6564486173684d617034c04e5c106cc0fb0200015a000b6163636573734f72646572787200116a6176612e7574696c2e486173684d61700507dac1c31660d103000246000a6c6f6164466163746f724900097468726573686f6c6478703f4000000000000077080000001000000000780074002465323966333339362d343865622d346338332d616263622d6361336561663337353933337372000e6a6176612e7574696c2e55554944bc9903f7986d852f0200024a000c6c65617374536967426974734a000b6d6f7374536967426974737870abcbca3eaf375933e29f339648eb4c837371007e00053f4000000000000c7708000000100000000274000a6576656e745f74696d657372002a636f6d2e4c6574734d6565742e4c6574734d6565742e4576656e742e4d6f64656c2e5661726961626c6514e9cb88a9f7c4650200034c0006646f6d61696e7400154c6a6176612f7574696c2f41727261794c6973743b4c00036b657971007e00024c00047575696471007e00037870737200136a6176612e7574696c2e41727261794c6973747881d21d99c7619d03000149000473697a657870000000007704000000007871007e000c7371007e0009838960d109b5ab82172874792903456074000d6576656e745f736572766963657371007e000d7371007e0010000000007704000000007871007e00137371007e00098344e5f99d2cc5affc7bc0840be944ac7800, '2021-02-16 16:16:25', '2021-02-16 16:16:25'),
('e34cdb40-a4d8-4272-a50e-f9556baf3a7c', 'e34cdb40-a4d8-4272-a50e-f9556baf3a7c', 0xaced00057372002e636f6d2e4c6574734d6565742e4c6574734d6565742e4576656e742e4d6f64656c2e436f6e646974696f6e53657400000000000000010200044c000b636f6e73747261696e74737400194c6a6176612f7574696c2f4c696e6b6564486173684d61703b4c00046e616d657400124c6a6176612f6c616e672f537472696e673b4c0004757569647400104c6a6176612f7574696c2f555549443b4c00097661726961626c657371007e00017870737200176a6176612e7574696c2e4c696e6b6564486173684d617034c04e5c106cc0fb0200015a000b6163636573734f72646572787200116a6176612e7574696c2e486173684d61700507dac1c31660d103000246000a6c6f6164466163746f724900097468726573686f6c6478703f4000000000000077080000001000000000780074002465333463646234302d613464382d343237322d613530652d6639353536626166336137637372000e6a6176612e7574696c2e55554944bc9903f7986d852f0200024a000c6c65617374536967426974734a000b6d6f7374536967426974737870a50ef9556baf3a7ce34cdb40a4d842727371007e00053f4000000000000c7708000000100000000274000a6576656e745f74696d657372002a636f6d2e4c6574734d6565742e4c6574734d6565742e4576656e742e4d6f64656c2e5661726961626c6514e9cb88a9f7c4650200034c0006646f6d61696e7400154c6a6176612f7574696c2f41727261794c6973743b4c00036b657971007e00024c00047575696471007e00037870737200136a6176612e7574696c2e41727261794c6973747881d21d99c7619d03000149000473697a657870000000007704000000007871007e000c7371007e00098bc65614337ae5af3ed400b84ded479074000d6576656e745f736572766963657371007e000d7371007e0010000000007704000000007871007e00137371007e0009866aa81b865cf785ea3487a519d04ef67800, '2021-02-16 16:14:15', '2021-02-16 16:14:15'),
('e73d10cf-6947-41a7-a587-7eaaa939f3ba', 'e73d10cf-6947-41a7-a587-7eaaa939f3ba', 0xaced00057372002e636f6d2e4c6574734d6565742e4c6574734d6565742e4576656e742e4d6f64656c2e436f6e646974696f6e53657400000000000000010200044c000b636f6e73747261696e74737400194c6a6176612f7574696c2f4c696e6b6564486173684d61703b4c00046e616d657400124c6a6176612f6c616e672f537472696e673b4c0004757569647400104c6a6176612f7574696c2f555549443b4c00097661726961626c657371007e00017870737200176a6176612e7574696c2e4c696e6b6564486173684d617034c04e5c106cc0fb0200015a000b6163636573734f72646572787200116a6176612e7574696c2e486173684d61700507dac1c31660d103000246000a6c6f6164466163746f724900097468726573686f6c6478703f4000000000000077080000001000000000780074002465373364313063662d363934372d343161372d613538372d3765616161393339663362617372000e6a6176612e7574696c2e55554944bc9903f7986d852f0200024a000c6c65617374536967426974734a000b6d6f7374536967426974737870a5877eaaa939f3bae73d10cf694741a77371007e00053f4000000000000c7708000000100000000274000a6576656e745f74696d657372002a636f6d2e4c6574734d6565742e4c6574734d6565742e4576656e742e4d6f64656c2e5661726961626c6514e9cb88a9f7c4650200034c0006646f6d61696e7400154c6a6176612f7574696c2f41727261794c6973743b4c00036b657971007e00024c00047575696471007e00037870737200136a6176612e7574696c2e41727261794c6973747881d21d99c7619d03000149000473697a657870000000007704000000007871007e000c7371007e0009b727f6cfcb9846ff9754dd1f903149c274000d6576656e745f736572766963657371007e000d7371007e0010000000007704000000007871007e00137371007e0009a37e0c73955d93d7c5930d894ae641757800, '2021-02-16 16:22:43', '2021-02-16 16:22:43'),
('e9aca184-71a4-4bec-a2b5-2005a35051f6', 'e9aca184-71a4-4bec-a2b5-2005a35051f6', 0xaced00057372002e636f6d2e4c6574734d6565742e4c6574734d6565742e4576656e742e4d6f64656c2e436f6e646974696f6e53657400000000000000010200044c000b636f6e73747261696e74737400194c6a6176612f7574696c2f4c696e6b6564486173684d61703b4c00046e616d657400124c6a6176612f6c616e672f537472696e673b4c0004757569647400104c6a6176612f7574696c2f555549443b4c00097661726961626c657371007e00017870737200176a6176612e7574696c2e4c696e6b6564486173684d617034c04e5c106cc0fb0200015a000b6163636573734f72646572787200116a6176612e7574696c2e486173684d61700507dac1c31660d103000246000a6c6f6164466163746f724900097468726573686f6c6478703f4000000000000077080000001000000000780074002465396163613138342d373161342d346265632d613262352d3230303561333530353166367372000e6a6176612e7574696c2e55554944bc9903f7986d852f0200024a000c6c65617374536967426974734a000b6d6f7374536967426974737870a2b52005a35051f6e9aca18471a44bec7371007e00053f4000000000000c7708000000100000000274000a6576656e745f74696d657372002a636f6d2e4c6574734d6565742e4c6574734d6565742e4576656e742e4d6f64656c2e5661726961626c6514e9cb88a9f7c4650200034c0006646f6d61696e7400154c6a6176612f7574696c2f41727261794c6973743b4c00036b657971007e00024c00047575696471007e00037870737200136a6176612e7574696c2e41727261794c6973747881d21d99c7619d03000149000473697a657870000000007704000000007871007e000c7371007e0009ad1be2a1fbe4673d786fb21dd68a405074000d6576656e745f736572766963657371007e000d7371007e0010000000007704000000007871007e00137371007e0009bc9ecf0d283076979a7101c820d8459d7800, '2021-02-16 16:20:40', '2021-02-16 16:20:40'),
('eae30428-af2d-40f4-a1e9-de01e276f991', 'eae30428-af2d-40f4-a1e9-de01e276f991', 0xaced00057372002e636f6d2e4c6574734d6565742e4c6574734d6565742e4576656e742e4d6f64656c2e436f6e646974696f6e53657400000000000000010200044c000b636f6e73747261696e74737400194c6a6176612f7574696c2f4c696e6b6564486173684d61703b4c00046e616d657400124c6a6176612f6c616e672f537472696e673b4c0004757569647400104c6a6176612f7574696c2f555549443b4c00097661726961626c657371007e00017870737200176a6176612e7574696c2e4c696e6b6564486173684d617034c04e5c106cc0fb0200015a000b6163636573734f72646572787200116a6176612e7574696c2e486173684d61700507dac1c31660d103000246000a6c6f6164466163746f724900097468726573686f6c6478703f4000000000000077080000001000000000780074002465616533303432382d616632642d343066342d613165392d6465303165323736663939317372000e6a6176612e7574696c2e55554944bc9903f7986d852f0200024a000c6c65617374536967426974734a000b6d6f7374536967426974737870a1e9de01e276f991eae30428af2d40f47371007e00053f4000000000000c7708000000100000000274000a6576656e745f74696d657372002a636f6d2e4c6574734d6565742e4c6574734d6565742e4576656e742e4d6f64656c2e5661726961626c6514e9cb88a9f7c4650200034c0006646f6d61696e7400154c6a6176612f7574696c2f41727261794c6973743b4c00036b657971007e00024c00047575696471007e00037870737200136a6176612e7574696c2e41727261794c6973747881d21d99c7619d03000149000473697a657870000000007704000000007871007e000c7371007e0009874779fb32e031678bda84e019b8430274000d6576656e745f736572766963657371007e000d7371007e0010000000007704000000007871007e00137371007e0009bef04c91ccf5c49b747438b28e5046387800, '2021-02-16 16:23:58', '2021-02-16 16:23:58'),
('eb7f21fb-4a5b-4e82-91c7-021cbf82055d', 'eb7f21fb-4a5b-4e82-91c7-021cbf82055d', 0xaced00057372002e636f6d2e4c6574734d6565742e4c6574734d6565742e4576656e742e4d6f64656c2e436f6e646974696f6e53657400000000000000010200044c000b636f6e73747261696e74737400194c6a6176612f7574696c2f4c696e6b6564486173684d61703b4c00046e616d657400124c6a6176612f6c616e672f537472696e673b4c0004757569647400104c6a6176612f7574696c2f555549443b4c00097661726961626c657371007e00017870737200176a6176612e7574696c2e4c696e6b6564486173684d617034c04e5c106cc0fb0200015a000b6163636573734f72646572787200116a6176612e7574696c2e486173684d61700507dac1c31660d103000246000a6c6f6164466163746f724900097468726573686f6c6478703f4000000000000077080000001000000000780074002465623766323166622d346135622d346538322d393163372d3032316362663832303535647372000e6a6176612e7574696c2e55554944bc9903f7986d852f0200024a000c6c65617374536967426974734a000b6d6f737453696742697473787091c7021cbf82055deb7f21fb4a5b4e827371007e00053f4000000000000c7708000000100000000274000a6576656e745f74696d657372002a636f6d2e4c6574734d6565742e4c6574734d6565742e4576656e742e4d6f64656c2e5661726961626c6514e9cb88a9f7c4650200034c0006646f6d61696e7400154c6a6176612f7574696c2f41727261794c6973743b4c00036b657971007e00024c00047575696471007e00037870737200136a6176612e7574696c2e41727261794c6973747881d21d99c7619d03000149000473697a657870000000007704000000007871007e000c7371007e000995fa7c708751faca855f1fda708446e674000d6576656e745f736572766963657371007e000d7371007e0010000000007704000000007871007e00137371007e0009b965d956328a1a46f123539663bc4a527800, '2021-02-16 16:23:04', '2021-02-16 16:23:04'),
('ecbdd26f-8ccc-4ab8-8951-71705fa4e7f3', 'ecbdd26f-8ccc-4ab8-8951-71705fa4e7f3', 0xaced00057372002e636f6d2e4c6574734d6565742e4c6574734d6565742e4576656e742e4d6f64656c2e436f6e646974696f6e53657400000000000000010200044c000b636f6e73747261696e74737400194c6a6176612f7574696c2f4c696e6b6564486173684d61703b4c00046e616d657400124c6a6176612f6c616e672f537472696e673b4c0004757569647400104c6a6176612f7574696c2f555549443b4c00097661726961626c657371007e00017870737200176a6176612e7574696c2e4c696e6b6564486173684d617034c04e5c106cc0fb0200015a000b6163636573734f72646572787200116a6176612e7574696c2e486173684d61700507dac1c31660d103000246000a6c6f6164466163746f724900097468726573686f6c6478703f4000000000000077080000001000000000780074002465636264643236662d386363632d346162382d383935312d3731373035666134653766337372000e6a6176612e7574696c2e55554944bc9903f7986d852f0200024a000c6c65617374536967426974734a000b6d6f7374536967426974737870895171705fa4e7f3ecbdd26f8ccc4ab87371007e00053f4000000000000c7708000000100000000274000a6576656e745f74696d657372002a636f6d2e4c6574734d6565742e4c6574734d6565742e4576656e742e4d6f64656c2e5661726961626c6514e9cb88a9f7c4650200034c0006646f6d61696e7400154c6a6176612f7574696c2f41727261794c6973743b4c00036b657971007e00024c00047575696471007e00037870737200136a6176612e7574696c2e41727261794c6973747881d21d99c7619d03000149000473697a657870000000007704000000007871007e000c7371007e0009866ef0903ed37904027cb2c11d29423274000d6576656e745f736572766963657371007e000d7371007e0010000000007704000000007871007e00137371007e0009b4c9e3a9eeab6460e711fdf2075341767800, '2021-02-16 16:21:53', '2021-02-16 16:21:53'),
('ef2f930e-ee2a-4d6b-85f6-6eb99e1ef478', 'ef2f930e-ee2a-4d6b-85f6-6eb99e1ef478', 0xaced00057372002e636f6d2e4c6574734d6565742e4c6574734d6565742e4576656e742e4d6f64656c2e436f6e646974696f6e53657400000000000000010200044c000b636f6e73747261696e74737400194c6a6176612f7574696c2f4c696e6b6564486173684d61703b4c00046e616d657400124c6a6176612f6c616e672f537472696e673b4c0004757569647400104c6a6176612f7574696c2f555549443b4c00097661726961626c657371007e00017870737200176a6176612e7574696c2e4c696e6b6564486173684d617034c04e5c106cc0fb0200015a000b6163636573734f72646572787200116a6176612e7574696c2e486173684d61700507dac1c31660d103000246000a6c6f6164466163746f724900097468726573686f6c6478703f4000000000000077080000001000000000780074002465663266393330652d656532612d346436622d383566362d3665623939653165663437387372000e6a6176612e7574696c2e55554944bc9903f7986d852f0200024a000c6c65617374536967426974734a000b6d6f737453696742697473787085f66eb99e1ef478ef2f930eee2a4d6b7371007e00053f4000000000000c7708000000100000000274000a6576656e745f74696d657372002a636f6d2e4c6574734d6565742e4c6574734d6565742e4576656e742e4d6f64656c2e5661726961626c6514e9cb88a9f7c4650200034c0006646f6d61696e7400154c6a6176612f7574696c2f41727261794c6973743b4c00036b657971007e00024c00047575696471007e00037870737200136a6176612e7574696c2e41727261794c6973747881d21d99c7619d03000149000473697a657870000000007704000000007871007e000c7371007e0009afdbd17c9096baf80dbc06f67f0a4b0074000d6576656e745f736572766963657371007e000d7371007e0010000000007704000000007871007e00137371007e0009b95fe10e2d0528d1757cad76cba140547800, '2021-02-16 16:17:03', '2021-02-16 16:17:03'),
('ff141c1a-336d-49b4-a150-d32863667a04', 'ff141c1a-336d-49b4-a150-d32863667a04', 0xaced00057372002e636f6d2e4c6574734d6565742e4c6574734d6565742e4576656e742e4d6f64656c2e436f6e646974696f6e53657400000000000000010200044c000b636f6e73747261696e74737400194c6a6176612f7574696c2f4c696e6b6564486173684d61703b4c00046e616d657400124c6a6176612f6c616e672f537472696e673b4c0004757569647400104c6a6176612f7574696c2f555549443b4c00097661726961626c657371007e00017870737200176a6176612e7574696c2e4c696e6b6564486173684d617034c04e5c106cc0fb0200015a000b6163636573734f72646572787200116a6176612e7574696c2e486173684d61700507dac1c31660d103000246000a6c6f6164466163746f724900097468726573686f6c6478703f4000000000000077080000001000000000780074002466663134316331612d333336642d343962342d613135302d6433323836333636376130347372000e6a6176612e7574696c2e55554944bc9903f7986d852f0200024a000c6c65617374536967426974734a000b6d6f7374536967426974737870a150d32863667a04ff141c1a336d49b47371007e00053f4000000000000c7708000000100000000274000a6576656e745f74696d657372002a636f6d2e4c6574734d6565742e4c6574734d6565742e4576656e742e4d6f64656c2e5661726961626c6514e9cb88a9f7c4650200034c0006646f6d61696e7400154c6a6176612f7574696c2f41727261794c6973743b4c00036b657971007e00024c00047575696471007e00037870737200136a6176612e7574696c2e41727261794c6973747881d21d99c7619d03000149000473697a657870000000007704000000007871007e000c7371007e0009889f78c4c0a1957de31fe8586d6d4cf574000d6576656e745f736572766963657371007e000d7371007e0010000000007704000000007871007e00137371007e00099c58301864d2e134061c15b4e3e54a2d7800, '2021-02-16 16:14:01', '2021-02-16 16:14:01');

-- --------------------------------------------------------

--
-- Table structure for table `Constraint`
--

CREATE TABLE `Constraint` (
  `ConstraintUUID` varchar(36) NOT NULL,
  `scope` text NOT NULL,
  `Relation` text NOT NULL,
  `IsTrue` tinyint(1) NOT NULL,
  `Prority` int(11) NOT NULL
) ENGINE=InnoDB DEFAULT CHARSET=latin1;

-- --------------------------------------------------------

--
-- Table structure for table `Event`
--

CREATE TABLE `Event` (
  `EventUUID` varchar(36) NOT NULL,
  `Name` text NOT NULL,
  `Description` text DEFAULT NULL,
  `Location` text DEFAULT NULL,
  `ConditionSet` text CHARACTER SET utf8mb4 COLLATE utf8mb4_bin NOT NULL,
  `Poll` longtext CHARACTER SET utf8mb4 COLLATE utf8mb4_bin NOT NULL,
  `Created` timestamp NOT NULL DEFAULT current_timestamp(),
  `Updated` timestamp NOT NULL DEFAULT current_timestamp() ON UPDATE current_timestamp()
) ENGINE=InnoDB DEFAULT CHARSET=latin1;

--
-- Dumping data for table `Event`
--

INSERT INTO `Event` (`EventUUID`, `Name`, `Description`, `Location`, `ConditionSet`, `Poll`, `Created`, `Updated`) VALUES
('1f000efe-f0cf-3fcc-b773-acd63e1a2275', 'testagin', 'testtest', 'testestsetet', '33ff5c23-a2a7-4bf6-8a33-beb46cccf92e', '', '2021-02-13 11:05:58', '2021-02-16 16:01:09'),
('22b47ae8-f654-3cca-9086-282b81685dc3', 'rrRQnOab', 'IXIBSgia', 'trWytKhZ', 'eb7f21fb-4a5b-4e82-91c7-021cbf82055d', '{}', '2021-02-16 16:23:04', '2021-02-16 16:23:04'),
('32c946d7-f246-3555-af7e-89bf41744c3b', 'refactortest', 'refactortest', 'refactortest', '33ff5c23-a2a7-4bf6-8a33-beb46cccf92e', '', '2021-02-13 11:05:58', '2021-02-16 16:01:09'),
('4f0bbe1d-a7e1-3e4e-8e90-bfe0649f2550', 'Please Work', 'Testing', 'Live test', '33ff5c23-a2a7-4bf6-8a33-beb46cccf92e', '', '2021-02-13 11:05:58', '2021-02-16 16:01:09'),
('5a4fa614-3230-3a6f-bfb8-2eab797891c1', 'XeJgQHEH', 'oapJjSzT', 'awbAVMzu', 'e29f3396-48eb-4c83-abcb-ca3eaf375933', '{}', '2021-02-16 16:16:25', '2021-02-16 16:16:25'),
('722cee04-a79e-3381-9412-919425e6c06d', '', '', '', '33ff5c23-a2a7-4bf6-8a33-beb46cccf92e', '', '2021-02-13 11:05:58', '2021-02-16 16:01:09'),
('760f3240-4c36-3806-80ea-363ea3c56cfb', 'faizan web test', 'bla bla bla', 'cults', '33ff5c23-a2a7-4bf6-8a33-beb46cccf92e', '', '2021-02-13 11:05:58', '2021-02-16 16:01:09'),
('8a6be947-d1d9-3ff8-8a26-fe86ed4c1a15', 'MZTwvwjj', 'NEOoeNhT', 'GFeGwUGb', '46a4068b-15c3-46e4-ae96-c898b2d8b97c', '{}', '2021-02-16 16:15:14', '2021-02-16 16:15:14'),
('99e3f78d-7246-3010-a808-4ee4543cc928', 'Second Test', 'Testing', 'The Broch', '33ff5c23-a2a7-4bf6-8a33-beb46cccf92e', '', '2021-02-13 11:05:58', '2021-02-16 16:01:09'),
('a67c6758-6b14-3ca9-b34b-95b5611f81fb', 'test', 'test', 'test', '33ff5c23-a2a7-4bf6-8a33-beb46cccf92e', '', '2021-02-13 11:05:58', '2021-02-16 16:01:09'),
('b8d53df5-608d-3cfe-b0ef-11ddd74c80da', 'ZKEDZrMD', 'zyARFYCT', 'aJpMwBmY', '91104cab-4283-44d8-84f3-30bae947114f', '{}', '2021-02-18 18:11:21', '2021-02-18 18:11:21'),
('bb7ba05d-a93c-36a3-a862-a087f9164cbc', 'fZkOINjF', 'wqeLvjBk', 'xIgXhYrH', 'ecbdd26f-8ccc-4ab8-8951-71705fa4e7f3', '{}', '2021-02-16 16:21:53', '2021-02-16 16:21:53'),
('c2d43eca-8eb5-3c51-b964-ac84dcd3a1c7', 'LMAmlSOY', 'yrPsaZFT', 'AGWPhtta', '33ff5c23-a2a7-4bf6-8a33-beb46cccf92e', '', '2021-02-13 11:05:58', '2021-02-16 16:01:09'),
('cca9f93b-b1a0-3b95-a4ba-52a9c75882ca', 'Admin\'s Test Event', 'Created 16/02/21', '', '31dd6d19-4ea2-4fa3-acb4-98d1aa2246c4', '{}', '2021-02-16 16:26:30', '2021-02-16 16:26:30'),
('d05d176b-79af-309b-bf62-205681032064', 'A MASSIVE COVID PARTY', 'FUCK THE OLD PEOPLE', 'YOUR MUMS HOUSE', '33ff5c23-a2a7-4bf6-8a33-beb46cccf92e', '', '2021-02-13 11:05:58', '2021-02-16 16:01:09');

-- --------------------------------------------------------

--
-- Table structure for table `EventResponse`
--

CREATE TABLE `EventResponse` (
  `UserUUID` varchar(36) CHARACTER SET latin1 NOT NULL,
  `EventUUID` varchar(36) CHARACTER SET latin1 NOT NULL,
  `ConditionSetUUID` varchar(36) CHARACTER SET latin1 NOT NULL,
  `PollResponseUUID` varchar(36) COLLATE utf8mb4_unicode_ci NOT NULL,
  `Created` timestamp NOT NULL DEFAULT current_timestamp(),
  `Modified` timestamp NOT NULL DEFAULT current_timestamp() ON UPDATE current_timestamp()
) ENGINE=InnoDB DEFAULT CHARSET=utf8mb4 COLLATE=utf8mb4_unicode_ci;

-- --------------------------------------------------------

--
-- Table structure for table `HasBusiness`
--

CREATE TABLE `HasBusiness` (
  `BusinessUUID` varchar(36) NOT NULL,
  `UserUUID` varchar(36) CHARACTER SET latin1 NOT NULL
) ENGINE=InnoDB DEFAULT CHARSET=utf8mb4;

-- --------------------------------------------------------

--
-- Table structure for table `HasConditionSet`
--

CREATE TABLE `HasConditionSet` (
  `ConditionSetUUID` varchar(36) NOT NULL,
  `EventUUID` varchar(36) NOT NULL
) ENGINE=InnoDB DEFAULT CHARSET=latin1;

-- --------------------------------------------------------

--
-- Table structure for table `HasConstraint`
--

CREATE TABLE `HasConstraint` (
  `ConditionSetUUID` varchar(36) NOT NULL,
  `ConstraintUUD` varchar(36) NOT NULL
) ENGINE=InnoDB DEFAULT CHARSET=latin1;

-- --------------------------------------------------------

--
-- Table structure for table `HasUsers`
--

CREATE TABLE `HasUsers` (
  `EventUUID` varchar(36) NOT NULL,
  `UserUUID` varchar(36) NOT NULL,
  `IsOwner` tinyint(1) NOT NULL
) ENGINE=InnoDB DEFAULT CHARSET=latin1;

--
-- Dumping data for table `HasUsers`
--

INSERT INTO `HasUsers` (`EventUUID`, `UserUUID`, `IsOwner`) VALUES
('1f000efe-f0cf-3fcc-b773-acd63e1a2275', 'db19b6d1-1525-3591-9268-d4a128ccf898', 1),
('32c946d7-f246-3555-af7e-89bf41744c3b', 'db19b6d1-1525-3591-9268-d4a128ccf898', 1),
('4f0bbe1d-a7e1-3e4e-8e90-bfe0649f2550', '98611458-0f33-31ca-a56d-9162af35a45a', 1),
('722cee04-a79e-3381-9412-919425e6c06d', '61a6625e-dd4c-36fe-ae76-d20d73a398fe', 1),
('99e3f78d-7246-3010-a808-4ee4543cc928', '1b20a2a2-b9be-33dd-a22a-94eee4ae7511', 1),
('99e3f78d-7246-3010-a808-4ee4543cc928', '98611458-0f33-31ca-a56d-9162af35a45a', 0),
('cca9f93b-b1a0-3b95-a4ba-52a9c75882ca', '48f9f376-0dc0-38e4-bae9-f4e50f5f73db', 1);

-- --------------------------------------------------------

--
-- Table structure for table `HasVariable`
--

CREATE TABLE `HasVariable` (
  `ConditionSetUUID` varchar(36) NOT NULL,
  `VariableUUID` varchar(36) NOT NULL
) ENGINE=InnoDB DEFAULT CHARSET=latin1;

-- --------------------------------------------------------

--
-- Table structure for table `Token`
--

CREATE TABLE `Token` (
  `UserUUID` varchar(36) NOT NULL,
  `TokenUUID` varchar(128) NOT NULL,
  `Expires` bigint(20) DEFAULT NULL
) ENGINE=InnoDB DEFAULT CHARSET=latin1;

--
-- Dumping data for table `Token`
--

INSERT INTO `Token` (`UserUUID`, `TokenUUID`, `Expires`) VALUES
('98611458-0f33-31ca-a56d-9162af35a45a', '0d5701229e37becf6605dd1c6d9fb410f945e6d158518182e7dd80e1b14f5bef4a71f8e258c51108663e8a686d96593d5b51c8e690542550f04ca8b73979dac8', 1611768230),
('1b20a2a2-b9be-33dd-a22a-94eee4ae7511', '2c92bdada18d31acd4b867ad3909eb57a2501ce5a5758d1937840ded00f273436f1d341f0b54a5b48e7264421f3b729c30897f9869e45d5004914d3bf227810a', 1611599771);

-- --------------------------------------------------------

--
-- Table structure for table `User`
--

CREATE TABLE `User` (
  `UserUUID` varchar(36) NOT NULL,
  `fName` text NOT NULL,
  `lName` text NOT NULL,
  `email` text NOT NULL,
  `PasswordHash` text NOT NULL,
  `salt` text NOT NULL
) ENGINE=InnoDB DEFAULT CHARSET=latin1;

--
-- Dumping data for table `User`
--

INSERT INTO `User` (`UserUUID`, `fName`, `lName`, `email`, `PasswordHash`, `salt`) VALUES
('0ba4439e-e9a4-3d9d-9f14-c60f88f45f87', 'check', '', '', '3da74c9cf2dcd7ab64935b3136d7c1014d5e21968f2d14c01527655348be5089d53cd8ed326ccdc6a4bef77985b64bed8ef225b0c4929fb9f4f11b6d963807aa', '9dcc1a5177f37a516eade0e464a76db4'),
('0f598052-9bc7-3a00-ac1c-b9a5115357a8', 'toDelete', 'toDelete', 'delete@me.com', '3f0dd28d98aad3b03cc9609b2696ca42a6bddf5cd1a5b87a33fed88b13f45b2e2ccb7ecd27f7133b1737a9d2c029462ab34fe252d22826653f781e79c8376e94', 'f842b2924ace8e4d0830d1a9ee5131da'),
('1b20a2a2-b9be-33dd-a22a-94eee4ae7511', 'Cael 2', 'Milne 2', 'caelmilne@gmail.com', 'c64971c24a14c54940d7eac06875b468c85c10975ca93ada3e270be3691ddc9e3452a29690422b98c0f41e8c61fae2da94e291ddae22b033862ed3989859cc1a', 'ec7b2a00e1a1167e18bb8e63d7c265dd'),
('2c33d2ed-3561-3e3b-a7e5-9eac557a20bf', 'Ping', 'Pong', 'ding@dong', '3b7e7342b81d0cd0fff2813de3db24a48bb6d87e9b7694e6af0bd301569bd7b9341f752e376e2ec9737f71ac20a5693224dd6a9da37fd6c0854dc2180f02a412', '2969e00c524759026ea22c73f2200c87'),
('394b2b89-e1ac-3a95-a571-7c1e7cdc346d', 'Bill', 'The Dick', 'nah@test.com', '07ee0afec866a0f07f24020ccda24c518f1e8968c73fb7b4b148d0781a49cb4e7dfc0cbd723918d5e03fadd4f8638a378a67e2420dc6d87eb5a1175d3fdf3d52', '5981edd2ce8e83bdea4a5d4515a0e04d'),
('461a4901-7bdf-3df3-81bc-379de354dc04', 'Miha', 'Lotric', 'mihalo3c@gmail.com', '0ffb35acf71292e139f6636eda71f758dd218575f46d101405f5b3b5a3adf0f59678e309e93bc51bc7cc0880bd1f58806d3f91d1bea4da79071c735138e00b75', 'b9dd0aff3f12bdedb3c3a4a754fd4dc1'),
('48f9f376-0dc0-38e4-bae9-f4e50f5f73db', 'Admin', 'Admin', 'admin@admin.com', '199f3192f8e70ed5ea1f11dcecaefc687b68ccc9c414d90d451743078d593dc7ed873e3a84eca6db318c9302a04db8686af1139c9991db1e2a2e708973c740cd', '6220610890ca13b95dcfe7bd91887ac3'),
('61a6625e-dd4c-36fe-ae76-d20d73a398fe', 'DB Conector test', 'DB Conector test', 'DB Conector test@test.com', '58c578250847ec1565b34ca7c1dda67bd47ee09d8a7f627be21fad43698961fae91aab5213eba331be603a45b47fd10b4f85b686f463955e8c4da90c6f57a571', 'd700b87d6caebbd463eadd0c4f4b1933'),
('8a90884d-9a0f-38a8-8d39-01e71e3e3f1b', 'test1changed3', 'test1changed3', 'test1changed3@test1changed3.com', 'a7e2df2b06dfe5425a9c9070fc883feb814465384609e295d0bb8b04fc7b7f18af3c92acb07454973f7008fb1ce9139cb96b8f2048dad20a435544aebaaa612a', '0667e6a42325762e47b9fbb86ddeb498'),
('8bb5dba7-5986-32b9-8871-0be0fb5b4b9e', 'Hamish', 'Weir', 'email@email.com', 'cfe75ead92ac3dd8fcfb38d50c5f0436c9216e5607c759dc1292bf374f511ade23b17ea56fe3b147a41f3fd99f3ab74b90867cae6c24b04da9ced40b5e5d6742', 'efc25dfc582e4d44684c3dc062d8b66a'),
('91543f4d-0d23-3253-bd0a-611ab79e8ea8', 'createusertest', 'createusertest', 'createusertest', '07168bb46a714ee47994d4058bb3daf826df5895b9a81f8956b55c61df80f51b80087a4235125441d2e1b946f42d8610bee881888e2ab136ff660ece8de50564', '1fedecda351c54457f4b450cd73ed423'),
('98611458-0f33-31ca-a56d-9162af35a45a', 'Cael', 'Milne', 'caelmilne2001@gmail.com', 'd1e5af42e9bae31befa648d62cf01a0583121079b598b7959724006eafe5fa7cdd1c55ed258c4ba8a0c932c6d6dfc7f6f637ea53b995ba8156d1b4e9aacb3a61', 'f0794cb18b83cc82194ac966c16ebf5f'),
('9f6e6800-cfae-3749-ab6c-486619254b9c', 's', 's', 's', 'b435ca0d0271c7a7893ae2fddecbc7f89a47465fae1ee85a66db49383163831ba9b18b93229a8713a496a7e92016a9bb3153c03952267a7c8382d8b131b57f44', '32b5cf18ef1e5f3f7cbf69e548d123c5'),
('a1931ec1-26bb-3d3f-a7a3-fc64209fd921', 'n', 'n', 'n', 'c745eec1919abb4402f952cda4ae3a41138b51193b6c63143734aab357af860aaedd4153532f39b1c49e88cb8e8f2f8742c5f258fdc99a73e38bbbd9abf247c6', 'ddd2c63203b0c5fb397901f9801f10ed'),
('c6855e8b-9a88-3c9a-8560-b77d4f5da590', 'Faizan', 'Mohiuddin', 'test@test.com', '2b9dc566449ff01efd2fba9f4334d7d45c284035ec4520277ab5e8003fd2f60206d0e8e83ca8b81454af6ada8b9f8780918bec396a183c141227b039e8fabc3a', '3f5d23eeab9617528f091875a0cf904b'),
('db19b6d1-1525-3591-9268-d4a128ccf898', 'Faizan', 'Mohiuddin', '123@123.com', 'a2e26006c659590b82a5bca27822f860f2035c20f1aa8c48508ee0097677073b91e90cd65016d0b694c8dc4529c7ef7a1b28bc5a43d6c9f05cc260895ade6757', 'bdc6a5f39a1e3485b3ced651d4a1d173'),
('e2e39d3b-3298-3400-b6a5-0312377197e4', 'a1', 'a1', 'a1@a1.com', 'c8f27ab3dc416f62a6ba91dda7ca62a9350393c6806bffb657fc3887dd1c79d6c61854f97dbf9438b0eda4d4b45f326d90b45e0094f19ca54d6c7eca95883377', '45912ba9ede13d2e79876772060ca6ab'),
('fd957502-fc55-3232-998d-1f4155d4bc0d', '12345', '1234', '21312@nope.com', '10c667865071ecc7b4adfc1098fe4ef9befe078d69075b494aae811d7db27dc0a8311aa4c9797c3c686852e2cd0cf809cbc75ce37f9a3ebc23c0b85401d23ff7', '7634482bb260064f94576c40ee6b0cd9');

-- --------------------------------------------------------

--
-- Table structure for table `Variable`
--

CREATE TABLE `Variable` (
  `VariableUUID` varchar(36) NOT NULL,
  `Name` text NOT NULL
) ENGINE=InnoDB DEFAULT CHARSET=latin1;

--
-- Indexes for dumped tables
--

--
-- Indexes for table `Business`
--
ALTER TABLE `Business`
  ADD PRIMARY KEY (`BusinessUUID`),
  ADD UNIQUE KEY `Business_BusinessUUID_uindex` (`BusinessUUID`);

--
-- Indexes for table `ConditionSet`
--
ALTER TABLE `ConditionSet`
  ADD PRIMARY KEY (`ConditionSetUUID`);

--
-- Indexes for table `Constraint`
--
ALTER TABLE `Constraint`
  ADD PRIMARY KEY (`ConstraintUUID`),
  ADD UNIQUE KEY `Constraint_ConstraintUUID_uindex` (`ConstraintUUID`);

--
-- Indexes for table `Event`
--
ALTER TABLE `Event`
  ADD PRIMARY KEY (`EventUUID`);

--
-- Indexes for table `HasBusiness`
--
ALTER TABLE `HasBusiness`
  ADD PRIMARY KEY (`BusinessUUID`,`UserUUID`),
  ADD KEY `HasBusiness_UserUUID_FK` (`UserUUID`);

--
-- Indexes for table `HasConditionSet`
--
ALTER TABLE `HasConditionSet`
  ADD PRIMARY KEY (`ConditionSetUUID`),
  ADD KEY `HasConditionSet_EventUUID_fk` (`EventUUID`);

--
-- Indexes for table `HasConstraint`
--
ALTER TABLE `HasConstraint`
  ADD PRIMARY KEY (`ConstraintUUD`),
  ADD UNIQUE KEY `HasConstraint_ConditionSetUUID_uindex` (`ConditionSetUUID`);

--
-- Indexes for table `HasUsers`
--
ALTER TABLE `HasUsers`
  ADD PRIMARY KEY (`EventUUID`,`UserUUID`),
  ADD KEY `HasUsers_ibfk_2` (`UserUUID`);

--
-- Indexes for table `HasVariable`
--
ALTER TABLE `HasVariable`
  ADD PRIMARY KEY (`VariableUUID`),
  ADD UNIQUE KEY `HasVariable_ConditionSetUUID_uindex` (`ConditionSetUUID`);

--
-- Indexes for table `Token`
--
ALTER TABLE `Token`
  ADD PRIMARY KEY (`TokenUUID`),
  ADD KEY `Token_UserUUID_fk` (`UserUUID`);

--
-- Indexes for table `User`
--
ALTER TABLE `User`
  ADD PRIMARY KEY (`UserUUID`),
  ADD UNIQUE KEY `User_UserUUID_uindex` (`UserUUID`);

--
-- Indexes for table `Variable`
--
ALTER TABLE `Variable`
  ADD PRIMARY KEY (`VariableUUID`),
  ADD UNIQUE KEY `Variable_VariableUUID_uindex` (`VariableUUID`);

--
-- Constraints for dumped tables
--

--
-- Constraints for table `HasBusiness`
--
ALTER TABLE `HasBusiness`
  ADD CONSTRAINT `HasBusiness_BusinessUUID_FK` FOREIGN KEY (`BusinessUUID`) REFERENCES `Business` (`BusinessUUID`) ON DELETE CASCADE,
  ADD CONSTRAINT `HasBusiness_UserUUID_FK` FOREIGN KEY (`UserUUID`) REFERENCES `User` (`UserUUID`) ON DELETE CASCADE;

--
-- Constraints for table `HasConditionSet`
--
ALTER TABLE `HasConditionSet`
  ADD CONSTRAINT `HasConditionSet_ibfk_1` FOREIGN KEY (`EventUUID`) REFERENCES `Event` (`EventUUID`) ON DELETE CASCADE,
  ADD CONSTRAINT `HasConditionSet_ibfk_2` FOREIGN KEY (`ConditionSetUUID`) REFERENCES `ConditionSet` (`ConditionSetUUID`) ON DELETE CASCADE;

--
-- Constraints for table `HasConstraint`
--
ALTER TABLE `HasConstraint`
  ADD CONSTRAINT `HasConstraint_ConditionSetUUID_fk` FOREIGN KEY (`ConditionSetUUID`) REFERENCES `ConditionSet` (`ConditionSetUUID`),
  ADD CONSTRAINT `HasConstraint_ConstraintUUID_fk` FOREIGN KEY (`ConditionSetUUID`) REFERENCES `Constraint` (`ConstraintUUID`);

--
-- Constraints for table `HasUsers`
--
ALTER TABLE `HasUsers`
  ADD CONSTRAINT `HasUsers_EventUUID_fk` FOREIGN KEY (`EventUUID`) REFERENCES `Event` (`EventUUID`) ON DELETE CASCADE,
  ADD CONSTRAINT `HasUsers_ibfk_2` FOREIGN KEY (`UserUUID`) REFERENCES `User` (`UserUUID`) ON DELETE CASCADE,
  ADD CONSTRAINT `HasUsers_ibfk_3` FOREIGN KEY (`EventUUID`) REFERENCES `Event` (`EventUUID`) ON DELETE CASCADE;

--
-- Constraints for table `HasVariable`
--
ALTER TABLE `HasVariable`
  ADD CONSTRAINT `HasVariable_ConditionSetUUID_fk` FOREIGN KEY (`ConditionSetUUID`) REFERENCES `ConditionSet` (`ConditionSetUUID`),
  ADD CONSTRAINT `HasVariable_ibfk_1` FOREIGN KEY (`VariableUUID`) REFERENCES `Variable` (`VariableUUID`) ON DELETE CASCADE;

--
-- Constraints for table `Token`
--
ALTER TABLE `Token`
  ADD CONSTRAINT `Token_UserUUID_fk` FOREIGN KEY (`UserUUID`) REFERENCES `User` (`UserUUID`) ON DELETE CASCADE;
COMMIT;

/*!40101 SET CHARACTER_SET_CLIENT=@OLD_CHARACTER_SET_CLIENT */;
/*!40101 SET CHARACTER_SET_RESULTS=@OLD_CHARACTER_SET_RESULTS */;
/*!40101 SET COLLATION_CONNECTION=@OLD_COLLATION_CONNECTION */;
